date,close,volume
2014/1/1,0.396,260092000
2014/1/2,0.396,260092000
2014/1/3,0.392,259332000
2014/1/6,0.397,409492000
2014/1/7,0.403,333288000
2014/1/8,0.409,308192000
2014/1/9,0.394,292172000
2014/1/10,0.393,218492000
2014/1/13,0.384,243332000
2014/1/14,0.396,241828000
2014/1/15,0.4,175044000
2014/1/16,0.401,220652000
2014/1/17,0.4,340400000
2014/1/20,0.4,340400000
2014/1/21,0.401,246076000
2014/1/22,0.401,337940000
2014/1/23,0.399,185028000
2014/1/24,0.389,246696000
2014/1/27,0.387,233812000
2014/1/28,0.39,167996000
2014/1/29,0.387,162944000
2014/1/30,0.393,202896000
2014/1/31,0.393,335348000
2014/2/3,0.387,431728000
2014/2/4,0.389,280692000
2014/2/5,0.386,214676000
2014/2/6,0.391,168380000
2014/2/7,0.397,157248000
2014/2/10,0.398,324372000
2014/2/11,0.406,235384000
2014/2/12,0.421,744528000
2014/2/13,0.434,902836000
2014/2/14,0.448,817536000
2014/2/17,0.448,817536000
2014/2/18,0.447,428988000
2014/2/19,0.454,450340000
2014/2/20,0.47,398088000
2014/2/21,0.466,451052000
2014/2/24,0.473,403112000
2014/2/25,0.468,242184000
2014/2/26,0.468,360884000
2014/2/27,0.463,388848000
2014/2/28,0.46,321692000
2014/3/3,0.457,375948000
2014/3/4,0.462,260344000
2014/3/5,0.466,241472000
2014/3/6,0.46,290144000
2014/3/7,0.459,268452000
2014/3/10,0.452,300888000
2014/3/11,0.457,297220000
2014/3/12,0.458,239428000
2014/3/13,0.444,385172000
2014/3/14,0.445,460048000
2014/3/17,0.445,299656000
2014/3/18,0.456,293904000
2014/3/19,0.464,366168000
2014/3/20,0.464,191800000
2014/3/21,0.463,566116000
2014/3/24,0.461,306096000
2014/3/25,0.461,304424000
2014/3/26,0.451,557756000
2014/3/27,0.445,540728000
2014/3/28,0.447,398820000
2014/3/31,0.448,273404000
2014/4/1,0.466,656272000
2014/4/2,0.463,239948000
2014/4/3,0.468,599548000
2014/4/4,0.454,368032000
2014/4/7,0.455,428576000
2014/4/8,0.472,470692000
2014/4/9,0.471,421968000
2014/4/10,0.46,372748000
2014/4/11,0.453,353112000
2014/4/14,0.458,290184000
2014/4/15,0.461,304636000
2014/4/16,0.462,235136000
2014/4/17,0.464,153532000
2014/4/18,0.464,153532000
2014/4/21,0.468,117004000
2014/4/22,0.472,255120000
2014/4/23,0.477,261580000
2014/4/24,0.481,391492000
2014/4/25,0.468,313600000
2014/4/28,0.466,226788000
2014/4/29,0.467,171300000
2014/4/30,0.462,305740000
2014/5/1,0.464,198104000
2014/5/2,0.461,156376000
2014/5/5,0.466,239260000
2014/5/6,0.456,416188000
2014/5/7,0.457,293900000
2014/5/8,0.463,432728000
2014/5/9,0.451,539532000
2014/5/12,0.465,299856000
2014/5/13,0.457,221104000
2014/5/14,0.452,214320000
2014/5/15,0.45,325896000
2014/5/16,0.449,283960000
2014/5/19,0.463,360076000
2014/5/20,0.456,256200000
2014/5/21,0.456,216712000
2014/5/22,0.458,130364000
2014/5/23,0.462,182656000
2014/5/26,0.462,182656000
2014/5/27,0.47,209680000
2014/5/28,0.475,224676000
2014/5/29,0.474,171884000
2014/5/30,0.475,239128000
2014/6/2,0.474,181500000
2014/6/3,0.472,243212000
2014/6/4,0.472,161236000
2014/6/5,0.474,188696000
2014/6/6,0.476,161052000
2014/6/9,0.476,247456000
2014/6/10,0.479,217608000
2014/6/11,0.485,266228000
2014/6/12,0.488,337148000
2014/6/13,0.488,227852000
2014/6/16,0.487,198620000
2014/6/17,0.49,157608000
2014/6/18,0.49,215536000
2014/6/19,0.479,474592000
2014/6/20,0.473,353148000
2014/6/23,0.468,414200000
2014/6/24,0.461,275780000
2014/6/25,0.465,215420000
2014/6/26,0.459,256908000
2014/6/27,0.46,302820000
2014/6/30,0.463,180512000
2014/7/1,0.469,321180000
2014/7/2,0.467,179284000
2014/7/3,0.471,136892000
2014/7/4,0.471,136892000
2014/7/7,0.468,127496000
2014/7/8,0.464,221940000
2014/7/9,0.478,387668000
2014/7/10,0.475,266308000
2014/7/11,0.476,191188000
2014/7/14,0.482,272636000
2014/7/15,0.484,395440000
2014/7/16,0.484,319728000
2014/7/17,0.482,324832000
2014/7/18,0.461,567816000
2014/7/21,0.464,243364000
2014/7/22,0.462,298816000
2014/7/23,0.452,297352000
2014/7/24,0.453,254576000
2014/7/25,0.445,266132000
2014/7/28,0.443,330352000
2014/7/29,0.444,217972000
2014/7/30,0.452,246184000
2014/7/31,0.438,401880000
2014/8/1,0.442,219884000
2014/8/4,0.441,241724000
2014/8/5,0.442,298136000
2014/8/6,0.441,223456000
2014/8/7,0.437,407696000
2014/8/8,0.475,894348000
2014/8/11,0.472,344624000
2014/8/12,0.472,296152000
2014/8/13,0.475,256596000
2014/8/14,0.47,255992000
2014/8/15,0.476,369796000
2014/8/18,0.482,284076000
2014/8/19,0.484,248260000
2014/8/20,0.481,221468000
2014/8/21,0.477,272796000
2014/8/22,0.477,251224000
2014/8/25,0.478,153380000
2014/8/26,0.486,269636000
2014/8/27,0.481,182972000
2014/8/28,0.485,179704000
2014/8/29,0.486,207932000
2014/9/1,0.486,207932000
2014/9/2,0.488,192636000
2014/9/3,0.492,259456000
2014/9/4,0.501,491832000
2014/9/5,0.499,253792000
2014/9/8,0.495,319288000
2014/9/9,0.488,198588000
2014/9/10,0.49,172376000
2014/9/11,0.485,250720000
2014/9/12,0.478,262536000
2014/9/15,0.472,294152000
2014/9/16,0.479,219936000
2014/9/17,0.479,173584000
2014/9/18,0.486,219604000
2014/9/19,0.477,601316000
2014/9/22,0.472,221464000
2014/9/23,0.47,196144000
2014/9/24,0.473,159592000
2014/9/25,0.463,298440000
2014/9/26,0.464,241188000
2014/9/29,0.463,208540000
2014/9/30,0.461,277204000
2014/10/1,0.457,350976000
2014/10/2,0.455,288996000
2014/10/3,0.456,239140000
2014/10/6,0.453,199032000
2014/10/7,0.448,301896000
2014/10/8,0.456,260172000
2014/10/9,0.448,306956000
2014/10/10,0.421,691376000
2014/10/13,0.42,397628000
2014/10/14,0.43,376620000
2014/10/15,0.436,404428000
2014/10/16,0.436,351116000
2014/10/17,0.435,290716000
2014/10/20,0.439,200336000
2014/10/21,0.458,351092000
2014/10/22,0.447,239512000
2014/10/23,0.457,214476000
2014/10/24,0.462,210156000
2014/10/27,0.462,145092000
2014/10/28,0.473,192580000
2014/10/29,0.47,168340000
2014/10/30,0.467,170260000
2014/10/31,0.488,256316000
2014/11/3,0.497,308732000
2014/11/4,0.503,360196000
2014/11/5,0.503,335652000
2014/11/6,0.506,394088000
2014/11/7,0.495,450800000
2014/11/10,0.501,293388000
2014/11/11,0.495,212992000
2014/11/12,0.491,204584000
2014/11/13,0.489,225328000
2014/11/14,0.495,160248000
2014/11/17,0.493,158732000
2014/11/18,0.504,207772000
2014/11/19,0.5,240300000
2014/11/20,0.508,220968000
2014/11/21,0.511,198976000
2014/11/24,0.515,136004000
2014/11/25,0.514,190240000
2014/11/26,0.523,219264000
2014/11/27,0.523,219264000
2014/11/28,0.524,124832000
2014/12/1,0.515,190060000
2014/12/2,0.515,245952000
2014/12/3,0.529,284424000
2014/12/4,0.524,185332000
2014/12/5,0.527,165680000
2014/12/8,0.52,226944000
2014/12/9,0.518,239448000
2014/12/10,0.507,204364000
2014/12/11,0.507,135652000
2014/12/12,0.491,323964000
2014/12/15,0.489,254696000
2014/12/16,0.484,185308000
2014/12/17,0.503,345596000
2014/12/18,0.506,226156000
2014/12/19,0.511,325528000
2014/12/22,0.52,148976000
2014/12/23,0.516,109280000
2014/12/24,0.514,45644000
2014/12/25,0.514,45644000
2014/12/26,0.515,52636000
2014/12/29,0.514,82944000
2014/12/30,0.509,112120000
2014/12/31,0.501,166300000
2015/1/1,0.501,166300000
2015/1/2,0.503,113680000
2015/1/5,0.495,197952000
2015/1/6,0.48,197764000
2015/1/7,0.479,321808000
2015/1/8,0.496,283780000
2015/1/9,0.498,209540000
2015/1/12,0.492,190732000
2015/1/13,0.491,236720000
2015/1/14,0.493,155260000
2015/1/15,0.49,188932000
2015/1/16,0.499,181512000
2015/1/19,0.499,181512000
2015/1/20,0.501,140308000
2015/1/21,0.507,144780000
2015/1/22,0.516,159712000
2015/1/23,0.518,120416000
2015/1/26,0.516,133240000
2015/1/27,0.491,357948000
2015/1/28,0.483,272728000
2015/1/29,0.495,235340000
2015/1/30,0.48,298200000
2015/2/2,0.491,259604000
2015/2/3,0.503,183468000
2015/2/4,0.504,181516000
2015/2/5,0.512,140448000
2015/2/6,0.51,210524000
2015/2/9,0.51,273944000
2015/2/10,0.524,226204000
2015/2/11,0.52,320832000
2015/2/12,0.558,676904000
2015/2/13,0.558,310084000
2015/2/16,0.558,310084000
2015/2/17,0.559,203340000
2015/2/18,0.553,170948000
2015/2/19,0.554,169432000
2015/2/20,0.558,157752000
2015/2/23,0.554,125008000
2015/2/24,0.558,149356000
2015/2/25,0.553,123820000
2015/2/26,0.555,152864000
2015/2/27,0.552,157492000
2015/3/2,0.565,301512000
2015/3/3,0.554,160344000
2015/3/4,0.561,226840000
2015/3/5,0.572,323056000
2015/3/6,0.564,257392000
2015/3/9,0.565,222388000
2015/3/10,0.575,527212000
2015/3/11,0.572,262120000
2015/3/12,0.567,406972000
2015/3/13,0.567,359288000
2015/3/16,0.574,236956000
2015/3/17,0.581,299900000
2015/3/18,0.572,413844000
2015/3/19,0.581,310756000
2015/3/20,0.587,462084000
2015/3/23,0.568,426012000
2015/3/24,0.56,330480000
2015/3/25,0.526,542552000
2015/3/26,0.524,311920000
2015/3/27,0.535,318288000
2015/3/30,0.537,253252000
2015/3/31,0.523,357276000
2015/4/1,0.525,330768000
2015/4/2,0.526,192204000
2015/4/3,0.526,192204000
2015/4/6,0.542,515864000
2015/4/7,0.547,413964000
2015/4/8,0.55,366432000
2015/4/9,0.563,379432000
2015/4/10,0.569,258728000
2015/4/13,0.564,236724000
2015/4/14,0.559,220276000
2015/4/15,0.566,243560000
2015/4/16,0.562,155284000
2015/4/17,0.555,293636000
2015/4/20,0.552,231624000
2015/4/21,0.552,230456000
2015/4/22,0.558,207420000
2015/4/23,0.555,259380000
2015/4/24,0.551,240960000
2015/4/27,0.555,248456000
2015/4/28,0.558,234484000
2015/4/29,0.553,195156000
2015/4/30,0.555,218844000
2015/5/1,0.569,256968000
2015/5/4,0.565,200720000
2015/5/5,0.551,292928000
2015/5/6,0.553,316484000
2015/5/7,0.562,534564000
2015/5/8,0.521,1146552000
2015/5/11,0.516,544144000
2015/5/12,0.521,388800000
2015/5/13,0.524,308524000
2015/5/14,0.532,293052000
2015/5/15,0.533,215824000
2015/5/18,0.532,324972000
2015/5/19,0.526,253808000
2015/5/20,0.526,196824000
2015/5/21,0.522,239692000
2015/5/22,0.521,212592000
2015/5/25,0.521,212592000
2015/5/26,0.518,259732000
2015/5/27,0.546,432332000
2015/5/28,0.553,327656000
2015/5/29,0.553,335168000
2015/6/1,0.559,372660000
2015/6/2,0.549,224304000
2015/6/3,0.543,250788000
2015/6/4,0.552,323712000
2015/6/5,0.557,313320000
2015/6/8,0.544,342812000
2015/6/9,0.547,256888000
2015/6/10,0.537,529460000
2015/6/11,0.543,283052000
2015/6/12,0.528,323728000
2015/6/15,0.527,306548000
2015/6/16,0.533,256892000
2015/6/17,0.539,233544000
2015/6/18,0.549,299404000
2015/6/19,0.547,355656000
2015/6/22,0.544,514236000
2015/6/23,0.53,414064000
2015/6/24,0.525,253368000
2015/6/25,0.529,350460000
2015/6/26,0.518,421296000
2015/6/29,0.503,391724000
2015/6/30,0.503,315916000
2015/7/1,0.51,302892000
2015/7/2,0.511,145764000
2015/7/3,0.511,145764000
2015/7/6,0.504,214776000
2015/7/7,0.495,594252000
2015/7/8,0.491,332492000
2015/7/9,0.485,357588000
2015/7/10,0.494,216708000
2015/7/13,0.497,212472000
2015/7/14,0.497,249216000
2015/7/15,0.494,265732000
2015/7/16,0.505,282848000
2015/7/17,0.502,220372000
2015/7/20,0.493,188412000
2015/7/21,0.495,149720000
2015/7/22,0.485,356472000
2015/7/23,0.491,169916000
2015/7/24,0.486,188844000
2015/7/27,0.483,192420000
2015/7/28,0.493,198308000
2015/7/29,0.499,232680000
2015/7/30,0.501,190180000
2015/7/31,0.499,218340000
2015/8/3,0.507,397132000
2015/8/4,0.509,260100000
2015/8/5,0.515,234628000
2015/8/6,0.511,655676000
2015/8/7,0.575,1405248000
2015/8/10,0.595,662304000
2015/8/11,0.591,435008000
2015/8/12,0.593,384048000
2015/8/13,0.588,276884000
2015/8/14,0.589,214652000
2015/8/17,0.585,273880000
2015/8/18,0.577,287084000
2015/8/19,0.575,249248000
2015/8/20,0.554,426932000
2015/8/21,0.537,382664000
2015/8/24,0.518,682284000
2015/8/25,0.507,622684000
2015/8/26,0.545,614976000
2015/8/27,0.566,463764000
2015/8/28,0.568,320944000
2015/8/31,0.562,219352000
2015/9/1,0.539,353408000
2015/9/2,0.555,344044000
2015/9/3,0.557,262556000
2015/9/4,0.544,287972000
2015/9/7,0.544,287972000
2015/9/8,0.567,238448000
2015/9/9,0.556,289392000
2015/9/10,0.564,357076000
2015/9/11,0.566,301584000
2015/9/14,0.567,192460000
2015/9/15,0.573,327976000
2015/9/16,0.577,173508000
2015/9/17,0.583,268712000
2015/9/18,0.582,326412000
2015/9/21,0.588,281840000
2015/9/22,0.572,228356000
2015/9/23,0.575,161632000
2015/9/24,0.586,382440000
2015/9/25,0.59,369692000
2015/9/28,0.582,395584000
2015/9/29,0.593,380736000
2015/9/30,0.616,556380000
2015/10/1,0.604,489296000
2015/10/2,0.62,386144000
2015/10/5,0.636,482024000
2015/10/6,0.644,453216000
2015/10/7,0.65,310152000
2015/10/8,0.654,460068000
2015/10/9,0.652,423248000
2015/10/12,0.659,227588000
2015/10/13,0.66,298444000
2015/10/14,0.684,612148000
2015/10/15,0.686,526048000
2015/10/16,0.697,448396000
2015/10/19,0.695,294712000
2015/10/20,0.694,264824000
2015/10/21,0.685,386280000
2015/10/22,0.71,306884000
2015/10/23,0.715,381776000
2015/10/26,0.711,247436000
2015/10/27,0.711,208268000
2015/10/28,0.717,217036000
2015/10/29,0.692,327168000
2015/10/30,0.709,301160000
2015/11/2,0.717,190088000
2015/11/3,0.712,376768000
2015/11/4,0.701,442264000
2015/11/5,0.693,478800000
2015/11/6,0.789,1172272000
2015/11/9,0.785,492568000
2015/11/10,0.77,552260000
2015/11/11,0.763,619896000
2015/11/12,0.76,291080000
2015/11/13,0.745,292940000
2015/11/16,0.76,344280000
2015/11/17,0.76,257048000
2015/11/18,0.776,350216000
2015/11/19,0.778,254072000
2015/11/20,0.785,239744000
2015/11/23,0.773,242552000
2015/11/24,0.779,195428000
2015/11/25,0.778,138300000
2015/11/26,0.778,138300000
2015/11/27,0.785,86996000
2015/11/30,0.793,327244000
2015/12/1,0.819,409496000
2015/12/2,0.812,294240000
2015/12/3,0.811,246656000
2015/12/4,0.844,458756000
2015/12/7,0.828,333588000
2015/12/8,0.839,314488000
2015/12/9,0.818,372676000
2015/12/10,0.825,236596000
2015/12/11,0.812,227320000
2015/12/14,0.814,275892000
2015/12/15,0.824,307296000
2015/12/16,0.829,236356000
2015/12/17,0.817,254160000
2015/12/18,0.803,395896000
2015/12/21,0.822,284216000
2015/12/22,0.823,130012000
2015/12/23,0.826,122524000
2015/12/24,0.829,52448000
2015/12/25,0.829,52448000
2015/12/28,0.828,142024000
2015/12/29,0.842,203660000
2015/12/30,0.835,180344000
2015/12/31,0.824,148528000
2016/1/1,0.824,148528000
2016/1/4,0.809,358076000
2016/1/5,0.822,490272000
2016/1/6,0.788,449344000
2016/1/7,0.757,645304000
2016/1/8,0.741,398472000
2016/1/11,0.742,409372000
2016/1/12,0.754,469356000
2016/1/13,0.732,481672000
2016/1/14,0.717,600236000
2016/1/15,0.678,841452000
2016/1/18,0.678,841452000
2016/1/19,0.683,457140000
2016/1/20,0.687,481180000
2016/1/21,0.695,481456000
2016/1/22,0.711,257996000
2016/1/25,0.711,270728000
2016/1/26,0.717,227944000
2016/1/27,0.709,231700000
2016/1/28,0.701,276776000
2016/1/29,0.732,310504000
2016/2/1,0.733,289884000
2016/2/2,0.701,341908000
2016/2/3,0.705,326772000
2016/2/4,0.705,348140000
2016/2/5,0.661,600428000
2016/2/8,0.631,608852000
2016/2/9,0.637,425372000
2016/2/10,0.636,335800000
2016/2/11,0.632,340144000
2016/2/12,0.643,340816000
2016/2/15,0.643,340816000
2016/2/16,0.675,485352000
2016/2/17,0.692,771468000
2016/2/18,0.751,1068660000
2016/2/19,0.761,525628000
2016/2/22,0.788,449668000
2016/2/23,0.79,369380000
2016/2/24,0.795,336852000
2016/2/25,0.797,349616000
2016/2/26,0.792,361964000
2016/2/29,0.784,323344000
2016/3/1,0.819,348700000
2016/3/2,0.823,233812000
2016/3/3,0.816,302004000
2016/3/4,0.814,175304000
2016/3/7,0.808,239968000
2016/3/8,0.794,274940000
2016/3/9,0.793,222788000
2016/3/10,0.792,286084000
2016/3/11,0.805,277400000
2016/3/14,0.808,190312000
2016/3/15,0.803,226216000
2016/3/16,0.827,363644000
2016/3/17,0.821,353680000
2016/3/18,0.845,545512000
2016/3/21,0.848,337780000
2016/3/22,0.846,242012000
2016/3/23,0.861,429008000
2016/3/24,0.862,244956000
2016/3/25,0.862,244956000
2016/3/28,0.871,265388000
2016/3/29,0.885,261812000
2016/3/30,0.894,376700000
2016/3/31,0.891,379884000
2016/4/1,0.904,348292000
2016/4/4,0.895,393940000
2016/4/5,0.894,339568000
2016/4/6,0.895,453376000
2016/4/7,0.886,378104000
2016/4/8,0.891,255936000
2016/4/11,0.897,387524000
2016/4/12,0.896,292764000
2016/4/13,0.919,350716000
2016/4/14,0.921,416564000
2016/4/15,0.928,436972000
2016/4/18,0.924,307320000
2016/4/19,0.908,309152000
2016/4/20,0.911,200172000
2016/4/21,0.91,178280000
2016/4/22,0.907,223540000
2016/4/25,0.911,191972000
2016/4/26,0.912,214536000
2016/4/27,0.933,352396000
2016/4/28,0.905,381224000
2016/4/29,0.888,321904000
2016/5/2,0.9,256076000
2016/5/3,0.889,224024000
2016/5/4,0.869,525764000
2016/5/5,0.874,246884000
2016/5/6,0.883,183240000
2016/5/9,0.882,333336000
2016/5/10,0.899,269676000
2016/5/11,0.901,328176000
2016/5/12,0.889,670540000
2016/5/13,1.025,2110256000
2016/5/16,1.055,973032000
2016/5/17,1.057,628392000
2016/5/18,1.084,541072000
2016/5/19,1.089,398880000
2016/5/20,1.108,391084000
2016/5/23,1.11,413636000
2016/5/24,1.134,415788000
2016/5/25,1.129,458076000
2016/5/26,1.141,309964000
2016/5/27,1.148,277416000
2016/5/30,1.148,277416000
2016/5/31,1.168,412524000
2016/6/1,1.17,387132000
2016/6/2,1.179,329208000
2016/6/3,1.162,461076000
2016/6/6,1.156,322512000
2016/6/7,1.158,193400000
2016/6/8,1.155,234616000
2016/6/9,1.184,472168000
2016/6/10,1.155,400024000
2016/6/13,1.17,475588000
2016/6/14,1.172,298344000
2016/6/15,1.184,301036000
2016/6/16,1.189,246456000
2016/6/17,1.168,471000000
2016/6/20,1.189,293768000
2016/6/21,1.182,212508000
2016/6/22,1.181,202620000
2016/6/23,1.212,297880000
2016/6/24,1.143,1017684000
2016/6/27,1.131,449088000
2016/6/28,1.148,381920000
2016/6/29,1.166,318932000
2016/6/30,1.175,430940000
2016/7/1,1.166,218488000
2016/7/4,1.166,218488000
2016/7/5,1.184,371084000
2016/7/6,1.191,273104000
2016/7/7,1.222,395400000
2016/7/8,1.271,481932000
2016/7/11,1.301,448776000
2016/7/12,1.32,436760000
2016/7/13,1.319,324604000
2016/7/14,1.333,316892000
2016/7/15,1.317,428616000
2016/7/18,1.324,252992000
2016/7/19,1.338,382652000
2016/7/20,1.355,296460000
2016/7/21,1.331,361308000
2016/7/22,1.367,315768000
2016/7/25,1.392,312528000
2016/7/26,1.416,514508000
2016/7/27,1.401,446676000
2016/7/28,1.405,221916000
2016/7/29,1.428,409588000
2016/8/1,1.418,301120000
2016/8/2,1.401,282748000
2016/8/3,1.405,299828000
2016/8/4,1.431,272712000
2016/8/5,1.455,371588000
2016/8/8,1.469,305064000
2016/8/9,1.472,372344000
2016/8/10,1.463,375740000
2016/8/11,1.492,681064000
2016/8/12,1.576,1425744000
2016/8/15,1.574,573304000
2016/8/16,1.565,287652000
2016/8/17,1.529,595212000
2016/8/18,1.553,331684000
2016/8/19,1.556,291560000
2016/8/22,1.563,244748000
2016/8/23,1.573,339764000
2016/8/24,1.548,298448000
2016/8/25,1.538,406032000
2016/8/26,1.551,300024000
2016/8/29,1.55,274652000
2016/8/30,1.541,285544000
2016/8/31,1.533,388544000
2016/9/1,1.579,428492000
2016/9/2,1.563,323148000
2016/9/5,1.563,323148000
2016/9/6,1.578,306812000
2016/9/7,1.555,397988000
2016/9/8,1.566,315808000
2016/9/9,1.488,697760000
2016/9/12,1.519,598260000
2016/9/13,1.497,471768000
2016/9/14,1.51,319048000
2016/9/15,1.567,515212000
2016/9/16,1.571,902444000
2016/9/19,1.592,417128000
2016/9/20,1.577,331112000
2016/9/21,1.622,336212000
2016/9/22,1.625,308732000
2016/9/23,1.624,276132000
2016/9/26,1.609,230040000
2016/9/27,1.663,402752000
2016/9/28,1.669,319788000
2016/9/29,1.685,336684000
2016/9/30,1.713,429932000
2016/10/3,1.711,242596000
2016/10/4,1.707,281624000
2016/10/5,1.706,305440000
2016/10/6,1.684,360212000
2016/10/7,1.671,286260000
2016/10/10,1.678,287876000
2016/10/11,1.653,388540000
2016/10/12,1.661,419920000
2016/10/13,1.634,390116000
2016/10/14,1.65,330636000
2016/10/17,1.64,195328000
2016/10/18,1.665,269372000
2016/10/19,1.662,199060000
2016/10/20,1.693,312084000
2016/10/21,1.689,279508000
2016/10/24,1.768,339836000
2016/10/25,1.797,397460000
2016/10/26,1.804,333792000
2016/10/27,1.767,388664000
2016/10/28,1.764,290856000
2016/10/31,1.779,252388000
2016/11/1,1.726,473224000
2016/11/2,1.719,295848000
2016/11/3,1.699,309664000
2016/11/4,1.689,328780000
2016/11/7,1.782,487580000
2016/11/8,1.779,429884000
2016/11/9,1.749,456532000
2016/11/10,1.694,869280000
2016/11/11,2.199,2175344000
2016/11/14,2.091,1348796000
2016/11/15,2.155,626092000
2016/11/16,2.291,987984000
2016/11/17,2.31,832988000
2016/11/18,2.334,576060000
2016/11/21,2.325,436436000
2016/11/22,2.341,330368000
2016/11/23,2.349,443236000
2016/11/24,2.349,443236000
2016/11/25,2.354,195564000
2016/11/28,2.353,278736000
2016/11/29,2.331,444568000
2016/11/30,2.305,440500000
2016/12/1,2.191,1035524000
2016/12/2,2.211,478292000
2016/12/5,2.297,602284000
2016/12/6,2.335,498796000
2016/12/7,2.377,480804000
2016/12/8,2.337,381544000
2016/12/9,2.296,382312000
2016/12/12,2.24,601332000
2016/12/13,2.279,387796000
2016/12/14,2.411,983980000
2016/12/15,2.468,746548000
2016/12/16,2.51,1089528000
2016/12/19,2.541,744656000
2016/12/20,2.629,848056000
2016/12/21,2.646,576136000
2016/12/22,2.678,718612000
2016/12/23,2.744,647692000
2016/12/26,2.744,647692000
2016/12/27,2.933,1194272000
2016/12/28,2.731,2295764000
2016/12/29,2.786,2175368000
2016/12/30,2.668,1212932000
2017/1/2,2.668,1212932000
2017/1/3,2.55,1501996000
2017/1/4,2.61,1199220000
2017/1/5,2.543,984296000
2017/1/6,2.578,822856000
2017/1/9,2.682,916248000
2017/1/10,2.662,880920000
2017/1/11,2.629,525664000
2017/1/12,2.586,625616000
2017/1/13,2.586,457820000
2017/1/16,2.586,457820000
2017/1/17,2.528,580612000
2017/1/18,2.574,654424000
2017/1/19,2.629,644872000
2017/1/20,2.6,492024000
2017/1/23,2.627,369904000
2017/1/24,2.683,428052000
2017/1/25,2.695,522760000
2017/1/26,2.741,458800000
2017/1/27,2.794,471996000
2017/1/30,2.75,496004000
2017/1/31,2.73,362756000
2017/2/1,2.849,590004000
2017/2/2,2.885,483240000
2017/2/3,2.859,372744000
2017/2/6,2.933,506768000
2017/2/7,2.978,746224000
2017/2/8,2.965,449580000
2017/2/9,2.909,842568000
2017/2/10,2.841,1651092000
2017/2/13,2.71,1180724000
2017/2/14,2.72,850632000
2017/2/15,2.725,373020000
2017/2/16,2.681,647176000
2017/2/17,2.681,563740000
2017/2/20,2.681,563740000
2017/2/21,2.777,551952000
2017/2/22,2.769,433772000
2017/2/23,2.512,1592888000
2017/2/24,2.536,1029904000
2017/2/27,2.61,715400000
2017/2/28,2.537,625360000
2017/3/1,2.57,504804000
2017/3/2,2.475,754332000
2017/3/3,2.461,864692000
2017/3/6,2.442,883568000
2017/3/7,2.468,603400000
2017/3/8,2.464,638712000
2017/3/9,2.464,478060000
2017/3/10,2.478,499740000
2017/3/13,2.546,774136000
2017/3/14,2.545,522016000
2017/3/15,2.564,615036000
2017/3/16,2.595,523100000
2017/3/17,2.652,1119688000
2017/3/20,2.736,748568000
2017/3/21,2.648,913484000
2017/3/22,2.702,616764000
2017/3/23,2.677,533940000
2017/3/24,2.687,439500000
2017/3/27,2.706,506644000
2017/3/28,2.692,432444000
2017/3/29,2.684,349992000
2017/3/30,2.735,525532000
2017/3/31,2.723,440808000
2017/4/3,2.71,445232000
2017/4/4,2.52,1271280000
2017/4/5,2.501,747048000
2017/4/6,2.519,635120000
2017/4/7,2.508,429068000
2017/4/10,2.444,756332000
2017/4/11,2.453,618148000
2017/4/12,2.433,414092000
2017/4/13,2.387,506892000
2017/4/14,2.387,506892000
2017/4/17,2.481,497292000
2017/4/18,2.482,370116000
2017/4/19,2.492,380828000
2017/4/20,2.532,404016000
2017/4/21,2.542,341896000
2017/4/24,2.574,371820000
2017/4/25,2.618,388440000
2017/4/26,2.601,327004000
2017/4/27,2.641,319700000
2017/4/28,2.608,348248000
2017/5/1,2.666,307732000
2017/5/2,2.587,629972000
2017/5/3,2.606,336904000
2017/5/4,2.596,209788000
2017/5/5,2.596,228428000
2017/5/8,2.569,365240000
2017/5/9,2.573,847672000
2017/5/10,3.032,2129096000
2017/5/11,3.162,1939792000
2017/5/12,3.197,962620000
2017/5/15,3.358,1087540000
2017/5/16,3.42,1120700000
2017/5/17,3.193,1271368000
2017/5/18,3.327,1156032000
2017/5/19,3.4,1018372000
2017/5/22,3.473,836608000
2017/5/23,3.426,681248000
2017/5/24,3.464,815996000
2017/5/25,3.457,608228000
2017/5/26,3.546,779140000
2017/5/29,3.546,779140000
2017/5/30,3.622,989652000
2017/5/31,3.609,887316000
2017/6/1,3.609,503340000
2017/6/2,3.591,487456000
2017/6/5,3.7,817376000
2017/6/6,3.684,758728000
2017/6/7,3.728,612612000
2017/6/8,3.999,1161744000
2017/6/9,3.74,3692928000
2017/6/12,3.749,1697532000
2017/6/13,3.785,1672504000
2017/6/14,3.793,1184640000
2017/6/15,3.809,963824000
2017/6/16,3.79,924960000
2017/6/19,3.933,778176000
2017/6/20,3.927,1095444000
2017/6/21,3.987,682652000
2017/6/22,3.959,469132000
2017/6/23,3.846,1088588000
2017/6/26,3.804,1063960000
2017/6/27,3.664,999492000
2017/6/28,3.794,994948000
2017/6/29,3.667,1064424000
2017/6/30,3.614,731060000
2017/7/3,3.483,709072000
2017/7/4,3.483,709072000
2017/7/5,3.576,820188000
2017/7/6,3.587,746284000
2017/7/7,3.669,654972000
2017/7/10,3.842,958492000
2017/7/11,3.897,757956000
2017/7/12,4.063,1145208000
2017/7/13,4.016,1369132000
2017/7/14,4.124,941948000
2017/7/17,4.106,930792000
2017/7/18,4.149,776640000
2017/7/19,4.128,687044000
2017/7/20,4.188,699596000
2017/7/21,4.202,648332000
2017/7/24,4.154,652524000
2017/7/25,4.134,496556000
2017/7/26,4.181,640404000
2017/7/27,4.043,782856000
2017/7/28,4.11,513348000
2017/7/31,4.063,559672000
2017/8/1,4.112,431384000
2017/8/2,4.11,478444000
2017/8/3,4.162,442420000
2017/8/4,4.18,589096000
2017/8/7,4.309,717412000
2017/8/8,4.258,755336000
2017/8/9,4.303,530784000
2017/8/10,4.119,1328088000
2017/8/11,3.899,1497196000
2017/8/14,4.21,1279020000
2017/8/15,4.174,764532000
2017/8/16,4.129,596632000
2017/8/17,4.037,525444000
2017/8/18,4.037,601204000
2017/8/21,3.979,623672000
2017/8/22,4.064,450456000
2017/8/23,4.145,579520000
2017/8/24,4.13,469700000
2017/8/25,4.095,357200000
2017/8/28,4.124,389496000
2017/8/29,4.117,324096000
2017/8/30,4.142,384400000
2017/8/31,4.236,612684000
2017/9/1,4.261,445432000
2017/9/4,4.261,445432000
2017/9/5,4.148,695364000
2017/9/6,4.145,397672000
2017/9/7,4.165,352868000
2017/9/8,4.092,498856000
2017/9/11,4.225,567444000
2017/9/12,4.24,411488000
2017/9/13,4.259,580960000
2017/9/14,4.235,513712000
2017/9/15,4.503,1364792000
2017/9/18,4.689,1684460000
2017/9/19,4.684,874280000
2017/9/20,4.646,724920000
2017/9/21,4.519,1075600000
2017/9/22,4.475,491232000
2017/9/25,4.275,874580000
2017/9/26,4.299,1125620000
2017/9/27,4.393,713720000
2017/9/28,4.392,435244000
2017/9/29,4.469,619092000
2017/10/2,4.475,503480000
2017/10/3,4.484,390332000
2017/10/4,4.522,427848000
2017/10/5,4.519,437364000
2017/10/6,4.532,318800000
2017/10/9,4.635,563492000
2017/10/10,4.723,974876000
2017/10/11,4.773,529508000
2017/10/12,4.776,528292000
2017/10/13,4.865,628728000
2017/10/16,4.948,576640000
2017/10/17,4.944,478596000
2017/10/18,4.939,567316000
2017/10/19,4.945,570772000
2017/10/20,4.923,451620000
2017/10/23,4.916,428696000
2017/10/24,4.967,407244000
2017/10/25,4.841,828160000
2017/10/26,4.892,322744000
2017/10/27,5.047,572192000
2017/10/30,5.096,504056000
2017/10/31,5.17,411908000
2017/11/1,5.18,502576000
2017/11/2,5.148,342308000
2017/11/3,5.217,353640000
2017/11/6,5.241,389944000
2017/11/7,5.301,427700000
2017/11/8,5.229,522988000
2017/11/9,5.133,978564000
2017/11/10,5.404,1253256000
2017/11/13,5.316,582376000
2017/11/14,5.354,529292000
2017/11/15,5.249,501948000
2017/11/16,5.29,441768000
2017/11/17,5.284,515664000
2017/11/20,5.352,396100000
2017/11/21,5.401,399176000
2017/11/22,5.373,356640000
2017/11/23,5.373,356640000
2017/11/24,5.424,180752000
2017/11/27,5.353,422896000
2017/11/28,5.268,512752000
2017/11/29,4.911,1396788000
2017/11/30,5.018,823768000
2017/12/1,4.942,811548000
2017/12/4,4.667,1240844000
2017/12/5,4.694,981488000
2017/12/6,4.732,467032000
2017/12/7,4.8,542600000
2017/12/8,4.787,466876000
2017/12/11,4.866,372748000
2017/12/12,4.771,455016000
2017/12/13,4.655,554280000
2017/12/14,4.662,438164000
2017/12/15,4.789,670036000
2017/12/18,4.948,477704000
2017/12/19,4.903,373100000
2017/12/20,4.92,288820000
2017/12/21,4.897,300904000
2017/12/22,4.882,466276000
2017/12/25,4.882,466276000
2017/12/26,4.936,355080000
2017/12/27,4.929,329488000
2017/12/28,4.935,240248000
2017/12/29,4.838,279964000
2018/1/1,4.838,279964000
2018/1/2,4.984,355616000
2018/1/3,5.312,914704000
2018/1/4,5.34,583268000
2018/1/5,5.385,580124000
2018/1/8,5.55,881216000
2018/1/9,5.549,497000000
2018/1/10,5.592,582664000
2018/1/11,5.602,406032000
2018/1/12,5.575,359916000
2018/1/15,5.575,359916000
2018/1/16,5.503,702348000
2018/1/17,5.618,538408000
2018/1/18,5.611,408632000
2018/1/19,5.753,609380000
2018/1/22,5.842,550944000
2018/1/23,5.973,475228000
2018/1/24,5.895,579972000
2018/1/25,5.909,409884000
2018/1/26,6.083,516356000
2018/1/29,6.171,455116000
2018/1/30,6.068,570832000
2018/1/31,6.145,478576000
2018/2/1,6.012,519224000
2018/2/2,5.838,718464000
2018/2/5,5.343,1165204000
2018/2/6,5.64,1114800000
2018/2/7,5.72,802932000
2018/2/8,5.438,1144000000
2018/2/9,5.802,1674604000
2018/2/12,5.701,1093172000
2018/2/13,5.816,625524000
2018/2/14,6.036,744988000
2018/2/15,6.162,698900000
2018/2/16,6.096,637656000
2018/2/19,6.096,637656000
2018/2/20,6.227,686240000
2018/2/21,6.038,892292000
2018/2/22,6.054,534364000
2018/2/23,6.148,415300000
2018/2/26,6.165,469312000
2018/2/27,6.152,455436000
2018/2/28,6.05,523116000
2018/3/1,5.805,1040120000
2018/3/2,5.913,913428000
2018/3/5,5.891,620776000
2018/3/6,6.054,636808000
2018/3/7,6.046,581208000
2018/3/8,6.03,411912000
2018/3/9,6.133,505524000
2018/3/12,6.244,605060000
2018/3/13,6.193,619772000
2018/3/14,6.219,505496000
2018/3/15,6.234,401952000
2018/3/16,6.262,399456000
2018/3/19,6.025,713772000
2018/3/20,6.24,554696000
2018/3/21,6.214,438688000
2018/3/22,6.046,551196000
2018/3/23,5.824,735620000
2018/3/26,6.112,611424000
2018/3/27,5.638,1409000000
2018/3/28,5.534,945904000
2018/3/29,5.79,916628000
2018/3/30,5.79,916628000
2018/4/2,5.526,922092000
2018/4/3,5.634,667432000
2018/4/4,5.656,789168000
2018/4/5,5.535,701240000
2018/4/6,5.356,662988000
2018/4/9,5.385,499524000
2018/4/10,5.698,761676000
2018/4/11,5.656,460244000
2018/4/12,5.865,593920000
2018/4/13,5.787,503036000
2018/4/16,5.787,350792000
2018/4/17,5.938,447224000
2018/4/18,5.909,391364000
2018/4/19,5.726,471996000
2018/4/20,5.718,386200000
2018/4/23,5.597,427508000
2018/4/24,5.53,414596000
2018/4/25,5.417,588492000
2018/4/26,5.63,375824000
2018/4/27,5.658,400848000
2018/4/30,5.622,327844000
2018/5/1,5.679,253788000
2018/5/2,5.658,268248000
2018/5/3,5.825,443144000
2018/5/4,5.977,400660000
2018/5/7,6.217,687616000
2018/5/8,6.26,506616000
2018/5/9,6.394,596760000
2018/5/10,6.503,994080000
2018/5/11,6.363,1214456000
2018/5/14,6.384,523140000
2018/5/15,6.139,963528000
2018/5/16,6.15,553828000
2018/5/17,6.193,519784000
2018/5/18,6.148,483716000
2018/5/21,6.106,640624000
2018/5/22,6.068,518264000
2018/5/23,6.188,442956000
2018/5/24,6.192,437372000
2018/5/25,6.232,292112000
2018/5/28,6.232,292112000
2018/5/29,6.215,352684000
2018/5/30,6.325,390996000
2018/5/31,6.305,493868000
2018/6/1,6.44,421968000
2018/6/4,6.621,642024000
2018/6/5,6.627,391712000
2018/6/6,6.629,371356000
2018/6/7,6.573,369448000
2018/6/8,6.557,360456000
2018/6/11,6.516,265372000
2018/6/12,6.564,319160000
2018/6/13,6.56,338208000
2018/6/14,6.673,430016000
2018/6/15,6.631,432260000
2018/6/18,6.627,356268000
2018/6/19,6.504,594932000
2018/6/20,6.558,369780000
2018/6/21,6.428,359516000
2018/6/22,6.274,434160000
2018/6/25,5.978,665816000
2018/6/26,6.05,478884000
2018/6/27,5.893,453892000
2018/6/28,6.022,338012000
2018/6/29,5.923,392300000
2018/7/2,6.056,357572000
2018/7/3,5.921,222732000
2018/7/4,5.921,222732000
2018/7/5,6.068,306216000
2018/7/6,6.183,296352000
2018/7/9,6.231,303880000
2018/7/10,6.331,360016000
2018/7/11,6.188,367508000
2018/7/12,6.281,345508000
2018/7/13,6.233,246988000
2018/7/16,6.205,197036000
2018/7/17,6.342,362136000
2018/7/18,6.293,277640000
2018/7/19,6.301,235752000
2018/7/20,6.272,222352000
2018/7/23,6.235,301584000
2018/7/24,6.218,354620000
2018/7/25,6.297,319112000
2018/7/26,6.371,325124000
2018/7/27,6.3,295420000
2018/7/30,6.103,340340000
2018/7/31,6.122,283988000
2018/8/1,6.162,283556000
2018/8/2,6.266,269668000
2018/8/3,6.302,214288000
2018/8/6,6.351,207508000
2018/8/7,6.424,258132000
2018/8/8,6.46,262100000
2018/8/9,6.411,204280000
2018/8/10,6.37,256396000
2018/8/13,6.403,375208000
2018/8/14,6.536,466220000
2018/8/15,6.477,591136000
2018/8/16,6.436,801260000
2018/8/17,6.121,1143188000
2018/8/20,6.196,854388000
2018/8/21,6.333,673988000
2018/8/22,6.57,749856000
2018/8/23,6.671,720684000
2018/8/24,6.806,531512000
2018/8/27,6.898,505776000
2018/8/28,6.859,475384000
2018/8/29,6.962,420108000
2018/8/30,6.945,346608000
2018/8/31,7.017,306592000
2018/9/3,7.017,306592000
2018/9/4,7.093,391720000
2018/9/5,6.96,393156000
2018/9/6,6.818,322796000
2018/9/7,6.797,295420000
2018/9/10,6.868,220140000
2018/9/11,6.82,243112000
2018/9/12,6.705,419092000
2018/9/13,6.784,305536000
2018/9/14,6.911,386936000
2018/9/17,6.848,205528000
2018/9/18,6.775,299520000
2018/9/19,6.799,224860000
2018/9/20,6.657,430584000
2018/9/21,6.586,435128000
2018/9/24,6.642,293912000
2018/9/25,6.71,280388000
2018/9/26,6.673,268548000
2018/9/27,6.685,214428000
2018/9/28,7.025,709396000
2018/10/1,7.234,622060000
2018/10/2,7.162,383964000
2018/10/3,7.168,320552000
2018/10/4,6.982,391220000
2018/10/5,6.747,426636000
2018/10/8,6.644,408612000
2018/10/9,6.639,273500000
2018/10/10,6.142,684940000
2018/10/11,5.878,725436000
2018/10/12,6.163,608236000
2018/10/15,5.885,449760000
2018/10/16,6.146,408712000
2018/10/17,6.076,329668000
2018/10/18,5.988,524020000
2018/10/19,5.729,613608000
2018/10/22,5.78,368844000
2018/10/23,5.527,626436000
2018/10/24,4.985,884288000
2018/10/25,5.196,951720000
2018/10/26,4.957,664784000
2018/10/29,4.641,758016000
2018/10/30,5.075,807192000
2018/10/31,5.271,745772000
2018/11/1,5.453,566528000
2018/11/2,5.373,452960000
2018/11/5,5.294,379332000
2018/11/6,5.277,299012000
2018/11/7,5.345,483812000
2018/11/8,5.15,511352000
2018/11/9,5.142,413240000
2018/11/12,4.739,617116000
2018/11/13,4.983,644712000
2018/11/14,4.93,526580000
2018/11/15,5.06,840708000
2018/11/16,4.111,1963520000
2018/11/19,3.618,1697820000
2018/11/20,3.727,1692032000
2018/11/21,3.618,1025496000
2018/11/22,3.618,1025496000
2018/11/23,3.625,411968000
2018/11/26,3.826,814832000
2018/11/27,3.843,738060000
2018/11/28,4.002,804524000
2018/11/29,3.934,549172000
2018/11/30,4.086,729564000
2018/12/3,4.251,890804000
2018/12/4,3.928,812112000
2018/12/5,3.928,812112000
2018/12/6,3.957,692308000
2018/12/7,3.69,681676000
2018/12/10,3.796,629472000
2018/12/11,3.705,671912000
2018/12/12,3.723,654136000
2018/12/13,3.722,471384000
2018/12/14,3.661,471820000
2018/12/17,3.589,662868000
2018/12/18,3.674,564372000
2018/12/19,3.463,745364000
2018/12/20,3.378,749588000
2018/12/21,3.239,863740000
2018/12/24,3.177,463840000
2018/12/25,3.177,463840000
2018/12/26,3.328,695100000
2018/12/27,3.279,637044000
2018/12/28,3.341,628728000
2018/12/31,3.338,465140000
2019/1/1,3.338,465140000
2019/1/2,3.405,508752000
2019/1/3,3.2,705552000
2019/1/4,3.405,585620000
2019/1/7,3.585,709160000
2019/1/8,3.496,786016000
2019/1/9,3.565,617260000
2019/1/10,3.631,523156000
2019/1/11,3.721,874764000
2019/1/14,3.761,730168000
2019/1/15,3.747,617012000
2019/1/16,3.721,470104000
2019/1/17,3.793,493436000
2019/1/18,3.923,651336000
2019/1/21,3.923,651336000
2019/1/22,3.719,661552000
2019/1/23,3.732,591020000
2019/1/24,3.946,708972000
2019/1/25,4.004,1154572000
2019/1/28,3.45,2511528000
2019/1/29,3.29,1153932000
2019/1/30,3.435,974228000
2019/1/31,3.594,842852000
2019/2/1,3.618,625048000
2019/2/4,3.73,528592000
2019/2/5,3.749,542424000
2019/2/6,3.825,702464000
2019/2/7,3.685,637120000
2019/2/8,3.704,461604000
2019/2/11,3.661,495180000
2019/2/12,3.779,591060000
2019/2/13,3.822,605372000
2019/2/14,3.863,827264000
2019/2/15,3.934,1516748000
2019/2/18,3.934,1516748000
2019/2/19,3.916,551892000
2019/2/20,3.964,540988000
2019/2/21,3.894,448548000
2019/2/22,3.98,401740000
2019/2/25,3.967,656020000
2019/2/26,3.928,488464000
2019/2/27,3.885,500256000
2019/2/28,3.856,324944000
2019/3/1,3.911,357188000
2019/3/4,3.92,409992000
2019/3/5,3.913,362924000
2019/3/6,3.801,403524000
2019/3/7,3.731,450104000
2019/3/8,3.766,422416000
2019/3/11,4.029,859728000
2019/3/12,4.063,579576000
2019/3/13,4.215,768900000
2019/3/14,4.139,519384000
2019/3/15,4.245,661484000
2019/3/18,4.224,486992000
2019/3/19,4.393,854972000
2019/3/20,4.36,719148000
2019/3/21,4.598,824312000
2019/3/22,4.438,747644000
2019/3/25,4.345,525212000
2019/3/26,4.422,703508000
2019/3/27,4.412,474372000
2019/3/28,4.431,480264000
2019/3/29,4.489,456896000
2019/4/1,4.557,483824000
2019/4/2,4.575,440920000
2019/4/3,4.715,783504000
2019/4/4,4.707,457376000
2019/4/5,4.774,481744000
2019/4/8,4.795,424192000
2019/4/9,4.732,439972000
2019/4/10,4.802,444772000
2019/4/11,4.788,374600000
2019/4/12,4.75,471708000
2019/4/15,4.617,440092000
2019/4/16,4.705,394964000
2019/4/17,4.682,351004000
2019/4/18,4.657,380988000
2019/4/19,4.657,380988000
2019/4/22,4.712,279936000
2019/4/23,4.767,346856000
2019/4/24,4.779,318204000
2019/4/25,4.673,499296000
2019/4/26,4.452,868988000
2019/4/29,4.483,391920000
2019/4/30,4.525,362920000
2019/5/1,4.512,354280000
2019/5/2,4.58,394684000
2019/5/3,4.575,336824000
2019/5/6,4.496,422176000
2019/5/7,4.328,555220000
2019/5/8,4.348,419168000
2019/5/9,4.255,660248000
2019/5/10,4.22,569500000
2019/5/13,3.961,656912000
2019/5/14,4.051,524880000
2019/5/15,3.99,502320000
2019/5/16,4.005,781088000
2019/5/17,3.913,1022068000
2019/5/20,3.794,572064000
2019/5/21,3.876,361848000
2019/5/22,3.805,325868000
2019/5/23,3.683,591844000
2019/5/24,3.629,357584000
2019/5/27,3.629,357584000
2019/5/28,3.583,428356000
2019/5/29,3.509,559800000
2019/5/30,3.478,394300000
2019/5/31,3.386,389720000
2019/6/3,3.345,478644000
2019/6/4,3.575,641836000
2019/6/5,3.532,511616000
2019/6/6,3.595,408140000
2019/6/7,3.638,348856000
2019/6/10,3.711,402780000
2019/6/11,3.769,383872000
2019/6/12,3.655,358892000
2019/6/13,3.707,308080000
2019/6/14,3.616,394428000
2019/6/17,3.626,276040000
2019/6/18,3.822,581920000
2019/6/19,3.828,331644000
2019/6/20,3.852,350168000
2019/6/21,3.794,434428000
2019/6/24,3.816,282948000
2019/6/25,3.787,311868000
2019/6/26,3.981,584072000
2019/6/27,4.081,445440000
2019/6/28,4.106,397668000
2019/7/1,4.154,709756000
2019/7/2,4.056,400228000
2019/7/3,4.069,246636000
2019/7/4,4.069,246636000
2019/7/5,4.006,396552000
2019/7/8,3.93,329788000
2019/7/9,3.933,342860000
2019/7/10,4.002,452076000
2019/7/11,4.157,682560000
2019/7/12,4.19,506392000
2019/7/15,4.182,289840000
2019/7/16,4.177,341444000
2019/7/17,4.243,348204000
2019/7/18,4.254,442192000
2019/7/19,4.211,344896000
2019/7/22,4.283,315940000
2019/7/23,4.391,428176000
2019/7/24,4.466,366236000
2019/7/25,4.334,392700000
2019/7/26,4.377,274160000
2019/7/29,4.371,248160000
2019/7/30,4.386,197772000
2019/7/31,4.218,359416000
2019/8/1,4.123,421212000
2019/8/2,4.03,428348000
2019/8/5,3.77,589156000
2019/8/6,3.809,361272000
2019/8/7,3.847,372560000
2019/8/8,3.957,309300000
2019/8/9,3.855,341816000
2019/8/12,3.786,279200000
2019/8/13,3.901,351956000
2019/8/14,3.752,419880000
2019/8/15,3.719,477200000
2019/8/16,3.989,1007960000
2019/8/19,4.269,815112000
2019/8/20,4.197,463188000
2019/8/21,4.281,427244000
2019/8/22,4.287,303488000
2019/8/23,4.061,568056000
2019/8/26,4.136,318208000
2019/8/27,4.045,290968000
2019/8/28,4.03,255612000
2019/8/29,4.175,357976000
2019/8/30,4.188,290616000
2019/9/2,4.188,290616000
2019/9/3,4.104,296140000
2019/9/4,4.219,227728000
2019/9/5,4.494,695676000
2019/9/6,4.466,376976000
2019/9/9,4.512,417524000
2019/9/10,4.58,352812000
2019/9/11,4.608,361512000
2019/9/12,4.607,327840000
2019/9/13,4.549,324592000
2019/9/16,4.505,231832000
2019/9/17,4.527,223048000
2019/9/18,4.499,258152000
2019/9/19,4.424,245476000
2019/9/20,4.317,350244000
2019/9/23,4.371,249712000
2019/9/24,4.313,317268000
2019/9/25,4.456,308432000
2019/9/26,4.433,234564000
2019/9/27,4.294,362056000
2019/9/30,4.352,186184000
2019/10/1,4.35,366008000
2019/10/2,4.326,293372000
2019/10/3,4.533,450588000
2019/10/4,4.549,265524000
2019/10/7,4.608,480984000
2019/10/8,4.431,444436000
2019/10/9,4.518,292412000
2019/10/10,4.576,309124000
2019/10/11,4.65,446404000
2019/10/14,4.663,200040000
2019/10/15,4.909,664124000
2019/10/16,4.855,428944000
2019/10/17,4.857,263436000
2019/10/18,4.762,307440000
2019/10/21,4.9,261868000
2019/10/22,4.89,328720000
2019/10/23,4.877,279916000
2019/10/24,4.922,232020000
2019/10/25,5.114,423092000
2019/10/28,5.17,330792000
2019/10/29,5.073,211236000
2019/10/30,5.075,205960000
2019/10/31,5.025,209732000
2019/11/1,5.065,283640000
2019/11/4,5.262,376716000
2019/11/5,5.24,300868000
2019/11/6,5.191,269012000
2019/11/7,5.208,280340000
2019/11/8,5.194,189100000
2019/11/11,5.205,243436000
2019/11/12,5.24,283504000
2019/11/13,5.214,300188000
2019/11/14,5.245,518080000
2019/11/15,5.105,1053628000
2019/11/18,5.307,574588000
2019/11/19,5.2,414564000
2019/11/20,5.28,472588000
2019/11/21,5.254,288388000
2019/11/22,5.272,224100000
2019/11/25,5.53,506476000
2019/11/26,5.425,385244000
2019/11/27,5.456,215784000
2019/11/28,5.456,215784000
2019/11/29,5.418,141556000
2019/12/2,5.231,372036000
2019/12/3,5.192,465232000
2019/12/4,5.235,273424000
2019/12/5,5.219,184884000
2019/12/6,5.304,232236000
2019/12/9,5.304,211880000
2019/12/10,5.35,256388000
2019/12/11,5.433,233796000
2019/12/12,5.602,404348000
2019/12/13,5.6,454704000
2019/12/16,5.629,320976000
2019/12/17,5.707,321196000
2019/12/18,5.738,343548000
2019/12/19,5.886,445360000
2019/12/20,5.984,603044000
2019/12/23,5.97,355060000
2019/12/24,5.965,138864000
2019/12/25,5.965,138864000
2019/12/26,5.98,182852000
2019/12/27,5.922,254644000
2019/12/30,5.808,258056000
2019/12/31,5.883,231004000
2020/1/1,5.883,231004000
2020/1/2,5.998,237536000
2020/1/3,5.902,205384000
2020/1/6,5.926,262636000
2020/1/7,5.998,314856000
2020/1/8,6.01,277108000
2020/1/9,6.076,255112000
2020/1/10,6.108,316296000
2020/1/13,6.299,319840000
2020/1/14,6.182,359088000
2020/1/15,6.139,263104000
2020/1/16,6.223,284192000
2020/1/17,6.232,253792000
2020/1/20,6.232,253792000
2020/1/21,6.199,217916000
2020/1/22,6.253,239240000
2020/1/23,6.321,244516000
2020/1/24,6.262,373512000
2020/1/27,6.005,470536000
2020/1/28,6.199,310976000
2020/1/29,6.139,258848000
2020/1/30,6.145,290504000
2020/1/31,5.911,370420000
2020/2/3,6.008,255564000
2020/2/4,6.178,271544000
2020/2/5,6.269,208220000
2020/2/6,6.356,218284000
2020/2/7,6.29,189752000
2020/2/10,6.574,529608000
2020/2/11,6.697,638556000
2020/2/12,6.813,374644000
2020/2/13,6.769,528016000
2020/2/14,7.245,1041924000
2020/2/17,7.245,1041924000
2020/2/18,7.414,620164000
2020/2/19,7.867,694332000
2020/2/20,7.718,810052000
2020/2/21,7.352,768180000
2020/2/24,6.832,856916000
2020/2/25,6.551,1055496000
2020/2/26,6.691,747732000
2020/2/27,6.315,906416000
2020/2/28,6.752,1133252000
2020/3/2,6.911,890744000
2020/3/3,6.647,652792000
2020/3/4,7.113,597408000
2020/3/5,6.832,540328000
2020/3/6,6.651,515412000
2020/3/9,6.136,614160000
2020/3/10,6.527,580648000
2020/3/11,6.162,499964000
2020/3/12,5.408,816540000
2020/3/13,6.021,634836000
2020/3/16,4.91,726972000
2020/3/17,5.432,833632000
2020/3/18,5.07,874268000
2020/3/19,5.324,765512000
2020/3/20,5.144,804636000
2020/3/23,5.317,643876000
2020/3/24,6.229,1101644000
2020/3/25,6.141,793432000
2020/3/26,6.431,696108000
2020/3/27,6.318,638828000
2020/3/30,6.64,602252000
2020/3/31,6.59,949960000
2020/4/1,6.077,656912000
2020/4/2,6.387,675764000
2020/4/3,6.098,663212000
2020/4/6,6.71,727884000
2020/4/7,6.476,784520000
2020/4/8,6.674,542444000
2020/4/9,6.574,525564000
2020/4/10,6.574,525564000
2020/4/13,6.746,398408000
2020/4/14,7.099,530948000
2020/4/15,7.021,366148000
2020/4/16,7.367,745620000
2020/4/17,7.308,539120000
2020/4/20,7.176,449388000
2020/4/21,6.738,735160000
2020/4/22,7.154,483356000
2020/4/23,7.1,424160000
2020/4/24,7.24,352328000
2020/4/27,7.427,479388000
2020/4/28,7.284,442904000
2020/4/29,7.462,379160000
2020/4/30,7.307,375916000
2020/5/1,7.069,342096000
2020/5/4,7.282,317556000
2020/5/5,7.344,368896000
2020/5/6,7.445,323464000
2020/5/7,7.622,373732000
2020/5/8,7.812,339216000
2020/5/11,8.066,469060000
2020/5/12,7.802,493060000
2020/5/13,7.78,625852000
2020/5/14,8.031,602312000
2020/5/15,8.491,987660000
2020/5/18,8.75,774460000
2020/5/19,8.806,717320000
2020/5/20,8.97,587536000
2020/5/21,8.775,761068000
2020/5/22,9.026,1038764000
2020/5/25,9.026,1038764000
2020/5/26,8.718,770780000
2020/5/27,8.525,1175892000
2020/5/28,8.487,734896000
2020/5/29,8.875,745256000
2020/6/1,8.806,389876000
2020/6/2,8.825,391320000
2020/6/3,8.769,365440000
2020/6/4,8.767,424280000
2020/6/5,8.92,481748000
2020/6/8,8.805,387736000
2020/6/9,9.046,468488000
2020/6/10,9.367,632180000
2020/6/11,8.796,583652000
2020/6/12,8.932,570908000
2020/6/15,9.174,400004000
2020/6/16,9.068,535716000
2020/6/17,9.236,408304000
2020/6/18,9.218,254408000
2020/6/19,9.261,524160000
2020/6/22,9.527,398468000
2020/6/23,9.45,375108000
2020/6/24,9.236,449372000
2020/6/25,9.49,376072000
2020/6/26,9.155,592084000
2020/6/29,9.2,342248000
2020/6/30,9.498,367892000
2020/7/1,9.53,326648000
2020/7/2,9.612,364056000
2020/7/3,9.612,364056000
2020/7/6,9.839,315892000
2020/7/7,9.872,357800000
2020/7/8,10.216,365480000
2020/7/9,10.509,494548000
2020/7/10,10.479,497676000
2020/7/13,10.052,457076000
2020/7/14,10.377,542676000
2020/7/15,10.227,403984000
2020/7/16,10.135,344964000
2020/7/17,10.201,266284000
2020/7/20,10.511,284852000
2020/7/21,10.328,277036000
2020/7/22,10.439,367292000
2020/7/23,10.13,411660000
2020/7/24,10.194,473292000
2020/7/27,10.422,292132000
2020/7/28,10.215,271636000
2020/7/29,10.465,284508000
2020/7/30,10.614,308880000
2020/7/31,10.615,386080000
2020/8/3,11.01,412720000
2020/8/4,11.228,310336000
2020/8/5,11.287,249924000
2020/8/6,11.335,244316000
2020/8/7,11.2,342516000
2020/8/10,11.165,427796000
2020/8/11,10.85,354512000
2020/8/12,11.44,464412000
2020/8/13,11.443,374460000
2020/8/14,11.564,366436000
2020/8/17,12.337,621300000
2020/8/18,12.261,503448000
2020/8/19,12.139,622624000
2020/8/20,12.141,921388000
2020/8/21,12.684,999868000
2020/8/24,12.72,490564000
2020/8/25,12.75,289076000
2020/8/26,12.773,321244000
2020/8/27,12.628,317604000
2020/8/28,13.148,537160000
2020/8/31,13.375,500840000
2020/9/1,13.821,511316000
2020/9/2,14.347,874012000
2020/9/3,13.016,945128000
2020/9/4,12.623,1463684000
2020/9/7,12.623,1463684000
2020/9/8,11.913,795728000
2020/9/9,12.715,736200000
2020/9/10,12.312,698684000
2020/9/11,12.165,636928000
2020/9/14,12.872,1201744000
2020/9/15,12.991,727556000
2020/9/16,12.514,556384000
2020/9/17,12.464,792512000
2020/9/18,12.189,698460000
2020/9/21,12.517,721044000
2020/9/22,12.638,646452000
2020/9/23,12.124,647012000
2020/9/24,12.348,731240000
2020/9/25,12.874,588016000
2020/9/28,13.035,573808000
2020/9/29,13.226,621460000
2020/9/30,13.531,689184000
2020/10/1,13.615,525004000
2020/10/2,13.062,552496000
2020/10/5,13.642,479820000
2020/10/6,13.736,784420000
2020/10/7,13.964,418084000
2020/10/8,13.839,378900000
2020/10/9,13.763,346892000
2020/10/12,14.226,434744000
2020/10/13,14.248,344604000
2020/10/14,14.095,276100000
2020/10/15,13.97,267224000
2020/10/16,13.811,242392000
2020/10/19,13.498,298068000
2020/10/20,13.646,229212000
2020/10/21,13.525,219596000
2020/10/22,13.361,290480000
2020/10/23,13.59,233484000
2020/10/26,13.141,336896000
2020/10/27,13.397,250520000
2020/10/28,12.627,376520000
2020/10/29,13.024,320080000
2020/10/30,12.534,416820000
2020/11/2,12.581,299652000
2020/11/3,13.019,272900000
2020/11/4,13.794,410228000
2020/11/5,14.16,319028000
2020/11/6,14.562,383348000
2020/11/9,13.631,582976000
2020/11/10,12.77,644068000
2020/11/11,13.418,404744000
2020/11/12,13.457,365812000
2020/11/13,13.297,346312000
2020/11/16,13.515,413776000
2020/11/17,13.422,312028000
2020/11/18,13.429,510924000
2020/11/19,13.44,565936000
2020/11/20,13.088,341088000
2020/11/23,13.14,361356000
2020/11/24,12.958,346500000
2020/11/25,13.235,259916000
2020/11/26,13.235,259916000
2020/11/27,13.261,167276000
2020/11/30,13.401,286952000
2020/12/1,13.39,296948000
2020/12/2,13.545,283360000
2020/12/3,13.396,199520000
2020/12/4,13.558,202244000
2020/12/7,13.607,223244000
2020/12/8,13.35,271920000
2020/12/9,12.931,401300000
2020/12/10,12.972,207764000
2020/12/11,13.013,209264000
2020/12/14,13.309,270156000
2020/12/15,13.361,193016000
2020/12/16,13.243,223116000
2020/12/17,13.341,231384000
2020/12/18,13.272,342064000
2020/12/21,13.332,302332000
2020/12/22,13.278,185580000
2020/12/23,13.009,179144000
2020/12/24,12.994,97884000
2020/12/25,12.994,97884000
2020/12/28,12.9,212564000
2020/12/29,12.943,170372000
2020/12/30,13.146,225396000
2020/12/31,13.055,192424000
2021/1/1,13.055,192424000
2021/1/4,13.113,560640000
2021/1/5,13.405,322760000
2021/1/6,12.615,580424000
2021/1/7,13.344,461480000
2021/1/8,13.277,292528000
2021/1/11,13.622,518344000
2021/1/12,13.485,291476000
2021/1/13,13.532,210028000
2021/1/14,13.2,283120000
2021/1/15,12.859,277780000
2021/1/18,12.859,277780000
2021/1/19,13.025,226188000
2021/1/20,13.366,258572000
2021/1/21,13.868,337780000
2021/1/22,13.712,246820000
2021/1/25,13.653,251112000
2021/1/26,13.435,163980000
2021/1/27,12.918,371272000
2021/1/28,13.051,228316000
2021/1/29,12.99,271552000
2021/2/1,13.237,217204000
2021/2/2,13.557,220440000
2021/2/3,13.531,245408000
2021/2/4,13.664,201340000
2021/2/5,13.591,169152000
2021/2/8,14.439,434624000
2021/2/9,14.263,287560000
2021/2/10,14.764,485352000
2021/2/11,15.251,450828000
2021/2/12,14.961,374756000
2021/2/15,14.961,374756000
2021/2/16,15.33,321960000
2021/2/17,14.906,274756000
2021/2/18,14.829,233868000
2021/2/19,14.927,271724000
2021/2/22,14.356,325884000
2021/2/23,14.142,391780000
2021/2/24,14.499,448320000
2021/2/25,13.307,824436000
2021/2/26,13.715,500932000
2021/3/1,13.842,353184000
2021/3/2,13.406,264116000
2021/3/3,12.805,377592000
2021/3/4,12.37,573344000
2021/3/5,12.462,542840000
2021/3/8,11.593,543112000
2021/3/9,12.52,521824000
2021/3/10,12.468,384376000
2021/3/11,12.993,299916000
2021/3/12,12.856,243964000
2021/3/15,13.191,221988000
2021/3/16,13.291,272128000
2021/3/17,13.341,243864000
2021/3/18,12.722,293896000
2021/3/19,12.846,299208000
2021/3/22,13.186,297804000
2021/3/23,13.071,222048000
2021/3/24,12.643,245840000
2021/3/25,12.535,295144000
2021/3/26,12.839,363968000
2021/3/29,12.948,273520000
2021/3/30,12.872,200204000
2021/3/31,13.348,314776000
2021/4/1,13.812,308276000
2021/4/2,13.812,308276000
2021/4/5,13.988,255672000
2021/4/6,13.861,191744000
2021/4/7,14.144,251284000
2021/4/8,14.317,244416000
2021/4/9,14.4,195172000
2021/4/12,15.209,869324000
2021/4/13,15.679,676212000
2021/4/14,15.277,385500000
2021/4/15,16.137,598480000
2021/4/16,15.913,335208000
2021/4/19,15.362,404420000
2021/4/20,15.171,334132000
2021/4/21,15.361,216776000
2021/4/22,14.85,277788000
2021/4/23,15.265,227500000
2021/4/26,15.478,197796000
2021/4/27,15.382,164572000
2021/4/28,15.277,209416000
2021/4/29,15.325,173196000
2021/4/30,15.009,201912000
2021/5/3,14.837,203912000
2021/5/4,14.351,405324000
2021/5/5,14.458,292024000
2021/5/6,14.523,193380000
2021/5/7,14.812,229328000
2021/5/10,14.266,268904000
2021/5/11,14.306,285584000
2021/5/12,13.759,303408000
2021/5/13,13.665,285404000
2021/5/14,14.243,258616000
2021/5/17,14.165,216980000
2021/5/18,14.016,186256000
2021/5/19,14.066,344000000
2021/5/20,14.613,321592000
2021/5/21,14.992,672992000
2021/5/24,15.612,554816000
2021/5/25,15.648,435408000
2021/5/26,15.7,370440000
2021/5/27,15.488,581476000
2021/5/28,16.244,644536000
2021/5/31,16.244,644536000
2021/6/1,16.264,472804000
2021/6/2,16.778,594168000
2021/6/3,16.97,580008000
2021/6/4,17.578,617120000
2021/6/7,17.619,575756000
2021/6/8,17.457,323848000
2021/6/9,17.358,381656000
2021/6/10,17.425,287772000
2021/6/11,17.825,416308000
2021/6/14,18.019,321376000
2021/6/15,17.788,243032000
2021/6/16,17.81,307124000
2021/6/17,18.657,809656000
2021/6/18,18.639,968856000
2021/6/21,18.427,672384000
2021/6/22,18.887,580144000
2021/6/23,19.057,332356000
2021/6/24,19.205,320924000
2021/6/25,19.031,278364000
2021/6/28,19.985,495436000
2021/6/29,20.027,367632000
2021/6/30,20.003,326568000
2021/7/1,20.212,480136000
2021/7/2,20.487,342764000
2021/7/5,20.487,342764000
2021/7/6,20.698,446708000
2021/7/7,20.372,418428000
2021/7/8,19.903,503300000
2021/7/9,20.05,296624000
2021/7/12,20.513,321984000
2021/7/13,20.25,290708000
2021/7/14,19.841,380100000
2021/7/15,18.966,550564000
2021/7/16,18.161,688224000
2021/7/19,18.78,749060000
2021/7/20,18.612,434687000
2021/7/21,19.41,371017000
2021/7/22,19.594,323826000
2021/7/23,19.558,195672000
2021/7/26,19.294,203943000
2021/7/27,19.208,248863000
2021/7/28,19.503,202191000
2021/7/29,19.662,190781000
2021/7/30,19.499,183497000
2021/8/2,19.75,217444000
2021/8/3,19.815,301811000
2021/8/4,20.274,231309000
2021/8/5,20.637,211435000
2021/8/6,20.366,178497000
2021/8/9,20.295,146443000
2021/8/10,19.936,179238000
2021/8/11,19.699,185925000
2021/8/12,19.905,151652000
2021/8/13,20.188,183063000
2021/8/16,19.95,210876000
2021/8/17,19.458,204585000
2021/8/18,19.04,285913000
2021/8/19,19.798,766555000
2021/8/20,20.816,675741000
2021/8/23,21.958,575807000
2021/8/24,21.793,297299000
2021/8/25,22.213,347701000
2021/8/26,22.068,237940000
2021/8/27,22.636,304722000
2021/8/30,22.688,262580000
2021/8/31,22.385,259850000
2021/9/1,22.441,201767000
2021/9/2,22.396,187834000
2021/9/3,22.843,280532000
2021/9/6,22.843,280532000
2021/9/7,22.662,198107000
2021/9/8,22.339,254434000
2021/9/9,22.177,196856000
2021/9/10,22.478,248376000
2021/9/13,22.152,297500000
2021/9/14,22.242,199755000
2021/9/15,22.341,166538000
2021/9/16,22.242,156033000
2021/9/17,21.9,294503000
2021/9/20,21.113,349440000
2021/9/21,21.246,204688000
2021/9/22,21.941,268726000
2021/9/23,22.482,248555000
2021/9/24,22.081,217655000
2021/9/27,21.66,245215000
2021/9/28,20.699,343069000
2021/9/29,20.517,218394000
2021/9/30,20.716,221009000
2021/10/1,20.742,240978000
2021/10/4,19.732,345635000
2021/10/5,20.451,279282000
2021/10/6,20.7,297202000
2021/10/7,21.075,256919000
2021/10/8,20.831,151258000
2021/10/11,20.695,163388000
2021/10/12,20.671,162134000
2021/10/13,20.939,180652000
2021/10/14,21.746,243589000
2021/10/15,21.862,226994000
2021/10/18,22.222,189494000
2021/10/19,22.29,161473000
2021/10/20,22.103,146276000
2021/10/21,22.692,187590000
2021/10/22,22.726,249384000
2021/10/25,23.166,230235000
2021/10/26,24.717,485898000
2021/10/27,24.451,245990000
2021/10/28,24.941,234204000
2021/10/29,25.567,292503000
2021/11/1,25.827,265740000
2021/11/2,26.401,294112000
2021/11/3,26.598,239910000
2021/11/4,29.801,1153631000
2021/11/5,29.752,851260000
2021/11/8,30.804,503101000
2021/11/9,30.657,646746000
2021/11/10,29.459,636206000
2021/11/11,30.39,332172000
2021/11/12,30.39,413054000
2021/11/15,30.025,384909000
2021/11/16,30.203,264484000
2021/11/17,29.261,428508000
2021/11/18,31.675,781711000
2021/11/19,32.985,533867000
2021/11/22,31.956,754335000
2021/11/23,31.746,532163000
2021/11/24,32.674,435162000
2021/11/25,32.674,435162000
2021/11/26,31.503,283069000
2021/11/29,33.376,454964000
2021/11/30,32.676,622066000
2021/12/1,31.435,484368000
2021/12/2,32.126,472890000
2021/12/3,30.693,544325000
2021/12/6,30.037,658938000
2021/12/7,32.427,593053000
2021/12/8,31.826,475551000
2021/12/9,30.49,488507000
2021/12/10,30.198,488825000
2021/12/13,28.161,598344000
2021/12/14,28.337,667035000
2021/12/15,30.459,698297000
2021/12/16,28.387,707366000
2021/12/17,27.801,713758000
2021/12/20,27.719,461847000
2021/12/21,29.075,524385000
2021/12/22,29.4,395184000
2021/12/23,29.64,343022000
2021/12/24,29.64,343022000
2021/12/27,30.945,403686000
2021/12/28,30.322,420591000
2021/12/29,30.001,343139000
2021/12/30,29.586,308864000
2021/12/31,29.411,266530000
2022/1/3,30.121,391547000
2022/1/4,29.29,527154000
2022/1/5,27.604,498064000
2022/1/6,28.178,454186000
2022/1/7,27.247,409939000
2022/1/10,27.4,594681000
2022/1/11,27.817,404089000
2022/1/12,27.999,383413000
2022/1/13,26.575,540171000
2022/1/14,26.942,395832000
2022/1/17,26.942,395832000
2022/1/18,25.903,424270000
2022/1/19,25.067,488315000
2022/1/20,24.15,435181000
2022/1/21,23.374,718958000
2022/1/24,23.372,913982000
2022/1/25,22.324,664616000
2022/1/26,22.772,755959000
2022/1/27,21.944,573353000
2022/1/28,22.84,543774000
2022/1/31,24.486,564680000
2022/2/1,24.638,518925000
2022/2/2,25.242,543419000
2022/2/3,23.948,410178000
2022/2/4,24.319,354829000
2022/2/7,24.728,376868000
2022/2/8,25.108,410359000
2022/2/9,26.705,524282000
2022/2/10,25.824,513200000
2022/2/11,23.949,605472000
2022/2/14,24.267,440424000
2022/2/15,26.495,699869000
2022/2/16,26.511,732676000
2022/2/17,24.507,810595000
2022/2/18,23.642,761255000
2022/2/21,23.642,761255000
2022/2/22,23.39,633422000
2022/2/23,22.387,566511000
2022/2/24,23.748,735801000
2022/2/25,24.157,528866000
2022/2/28,24.385,477319000
2022/3/1,23.477,412056000
2022/3/2,24.22,389642000
2022/3/3,23.714,365095000
2022/3/4,22.936,431415000
2022/3/7,21.352,450821000
2022/3/8,21.514,557467000
2022/3/9,23.014,492742000
2022/3/10,22.658,428066000
2022/3/11,22.1,367209000
2022/3/14,21.33,385354000
2022/3/15,22.973,491996000
2022/3/16,24.496,671422000
2022/3/17,24.766,471941000
2022/3/18,26.453,730719000
2022/3/21,26.734,591727000
2022/3/22,26.524,547007000
2022/3/23,25.634,502120000
2022/3/24,28.15,877379000
2022/3/25,27.692,579016000
2022/3/28,28.219,425494000
2022/3/29,28.656,488984000
2022/3/30,27.69,463487000
2022/3/31,27.286,523440000
2022/4/1,26.712,517235000
2022/4/4,27.36,397120000
2022/4/5,25.931,436615000
2022/4/6,24.407,703833000
2022/4/7,24.208,557992000
2022/4/8,23.119,524781000
2022/4/11,21.917,575207000
2022/4/12,21.504,662258000
2022/4/13,22.203,516943000
2022/4/14,21.258,569097000
2022/4/15,21.258,569097000
2022/4/18,21.783,525701000
2022/4/19,22.198,512781000
2022/4/20,21.482,468974000
2022/4/21,20.183,656209000
2022/4/22,19.515,624713000
2022/4/25,19.902,641566000
2022/4/26,18.788,653143000
2022/4/27,18.415,499460000
2022/4/28,19.782,570327000
2022/4/29,18.547,500435000
2022/5/2,19.533,572049000
2022/5/3,19.602,475751000
2022/5/4,20.334,648855000
2022/5/5,18.844,626331000
2022/5/6,18.675,633297000
2022/5/9,16.95,644455000
2022/5/10,17.595,761474000
2022/5/11,16.63,670167000
2022/5/12,16.175,708728000
2022/5/13,17.706,670437000
2022/5/16,17.264,521446000
2022/5/17,18.177,585830000
2022/5/18,16.938,545161000
2022/5/19,17.124,621310000
2022/5/20,16.694,739105000
2022/5/23,16.898,639889000
2022/5/24,16.154,588550000
2022/5/25,16.975,781132000
2022/5/26,17.851,996575000
2022/5/27,18.811,738379000
2022/5/30,18.811,738379000
2022/5/31,18.672,664100000
2022/6/1,18.32,544514000
2022/6/2,19.592,648656000
2022/6/3,18.72,598779000
2022/6/6,18.786,422406000
2022/6/7,18.926,388914000
2022/6/8,18.648,363252000
2022/6/9,18.048,395574000
2022/6/10,16.974,465248000
2022/6/13,15.647,604153000
2022/6/14,15.836,469680000
2022/6/15,16.527,563936000
2022/6/16,15.601,545749000
2022/6/17,15.88,630334000
2022/6/20,15.88,630334000
2022/6/21,16.566,483089000
2022/6/22,16.36,437135000
2022/6/23,16.225,463680000
2022/6/24,17.126,472153000
2022/6/27,16.869,427968000
2022/6/28,15.982,461149000
2022/6/29,15.542,482352000
2022/6/30,15.159,686070000
2022/7/1,14.523,577610000
2022/7/4,14.523,577610000
2022/7/5,14.964,651397000
2022/7/6,15.13,529066000
2022/7/7,15.858,492903000
2022/7/8,15.838,467972000
2022/7/11,15.152,437321000
2022/7/12,15.082,458483000
2022/7/13,15.164,521918000
2022/7/14,15.372,456235000
2022/7/15,15.762,385935000
2022/7/18,16.101,670517000
2022/7/19,16.992,702366000
2022/7/20,17.807,760538000
2022/7/21,18.05,557049000
2022/7/22,17.319,536671000
2022/7/25,17.024,480748000
2022/7/26,16.533,397865000
2022/7/27,17.79,569776000
2022/7/28,17.984,474646000
2022/7/29,18.163,435460000
2022/8/1,18.441,476469000
2022/8/2,18.526,489527000
2022/8/3,18.893,418146000
2022/8/4,19.215,409652000
2022/8/5,18.989,386068000
2022/8/8,17.793,981859000
2022/8/9,17.086,668263000
2022/8/10,18.097,597422000
2022/8/11,17.942,509327000
2022/8/12,18.709,478094000
2022/8/15,19.032,457666000
2022/8/16,18.879,451240000
2022/8/17,18.335,446799000
2022/8/18,18.773,415447000
2022/8/19,17.849,441588000
2022/8/22,17.034,409593000
2022/8/23,17.181,369986000
2022/8/24,17.222,522661000
2022/8/25,17.913,770691000
2022/8/26,16.26,769127000
2022/8/29,15.801,496132000
2022/8/30,15.468,530181000
2022/8/31,15.094,573710000
2022/9/1,13.937,1178865000
2022/9/2,13.647,743157000
2022/9/5,13.647,743157000
2022/9/6,13.465,535751000
2022/9/7,13.714,512657000
2022/9/8,13.99,624873000
2022/9/9,14.387,486612000
2022/9/12,14.505,484159000
2022/9/13,13.131,714956000
2022/9/14,13.128,588507000
2022/9/15,12.929,523625000
2022/9/16,13.198,670751000
2022/9/19,13.382,569685000
2022/9/20,13.176,524818000
2022/9/21,13.261,807679000
2022/9/22,12.561,759162000
2022/9/23,12.516,663309000
2022/9/26,12.228,547343000
2022/9/27,12.413,553854000
2022/9/28,12.736,542414000
2022/9/29,12.22,532763000
2022/9/30,12.139,565638000
2022/10/3,12.512,547478000
2022/10/4,13.167,584182000
2022/10/5,13.209,507131000
2022/10/6,13.13,644157000
2022/10/7,12.076,672478000
2022/10/10,11.67,698699000
2022/10/11,11.586,667482000
2022/10/12,11.5,492590000
2022/10/13,11.96,850103000
2022/10/14,11.227,713432000
2022/10/17,11.888,580774000
2022/10/18,11.967,659362000
2022/10/19,12.051,523131000
2022/10/20,12.194,652398000
2022/10/21,12.466,609494000
2022/10/24,12.599,517457000
2022/10/25,13.261,505482000
2022/10/26,12.896,532953000
2022/10/27,13.176,583113000
2022/10/28,13.834,521040000
2022/10/31,13.497,486341000
2022/11/1,13.543,432817000
2022/11/2,13.219,672628000
2022/11/3,13.421,500065000
2022/11/4,14.156,612576000
2022/11/7,14.301,410061000
2022/11/8,14.602,595292000
2022/11/9,13.776,454414000
2022/11/10,15.75,700819000
2022/11/11,16.327,655487000
2022/11/14,16.295,527852000
2022/11/15,16.666,545876000
2022/11/16,15.91,649547000
2022/11/17,15.677,710894000
2022/11/18,15.409,492072000
2022/11/21,15.317,404739000
2022/11/22,16.038,472866000
2022/11/23,16.519,427241000
2022/11/24,16.519,427241000
2022/11/25,16.27,167934000
2022/11/28,15.827,303741000
2022/11/29,15.639,298384000
2022/11/30,16.923,565298000
2022/12/1,17.135,470977000
2022/12/2,16.876,371389000
2022/12/5,16.61,352255000
2022/12/6,15.987,352694000
2022/12/7,16.12,372388000
2022/12/8,17.169,515456000
2022/12/9,17.001,465338000
2022/12/12,17.535,457328000
2022/12/13,18.072,656589000
2022/12/14,17.674,496888000
2022/12/15,16.952,478542000
2022/12/16,16.571,478232000
2022/12/19,16.254,354039000
2022/12/20,16.085,403260000
2022/12/21,16.501,325025000
2022/12/22,15.339,565045000
2022/12/23,15.206,349326000
2022/12/26,15.206,349326000
2022/12/27,14.121,464902000
2022/12/28,14.036,351066000
2022/12/29,14.603,354923000
2022/12/30,14.614,310490000
2023/1/2,14.614,310490000
2023/1/3,14.315,401277000
2023/1/4,14.749,431324000
2023/1/5,14.265,389168000
2023/1/6,14.859,405044000
2023/1/9,15.628,504231000
2023/1/10,15.909,384101000
2023/1/11,16.001,353285000
2023/1/12,16.511,551409000
2023/1/13,16.899,447287000
2023/1/16,16.899,447287000
2023/1/17,17.702,511102000
2023/1/18,17.377,439624000
2023/1/19,16.765,452932000
2023/1/20,17.839,564967000
2023/1/23,19.193,655163000
2023/1/24,19.265,496204000
2023/1/25,19.323,449537000
2023/1/26,19.802,489535000
2023/1/27,20.365,542142000
2023/1/30,19.162,488611000
2023/1/31,19.537,498017000
2023/2/1,20.943,660477000
2023/2/2,21.709,564276000
2023/2/3,21.1,429366000
2023/2/6,21.089,452197000
2023/2/7,22.173,664150000
2023/2/8,22.205,559651000
2023/2/9,22.337,523876000
2023/2/10,21.265,550737000
2023/2/13,21.788,474919000
2023/2/14,22.971,675474000
2023/2/15,22.764,420575000
2023/2/16,22.002,412026000
2023/2/17,21.388,465888000
2023/2/20,21.388,465888000
2023/2/21,20.655,410015000
2023/2/22,20.754,513184000
2023/2/23,23.664,1117995000
2023/2/24,23.286,589716000
2023/2/27,23.501,452994000
2023/2/28,23.216,455963000
2023/3/1,22.698,460026000
2023/3/2,23.314,389415000
2023/3/3,23.89,412393000
2023/3/6,23.554,437429000
2023/3/7,23.288,515154000
2023/3/8,24.181,513573000
2023/3/9,23.436,501257000
2023/3/10,22.965,474866000
2023/3/13,22.966,421890000
2023/3/14,24.063,474910000
2023/3/15,24.228,524486000
2023/3/16,25.541,583253000
2023/3/17,25.725,848547000
2023/3/20,25.9,432747000
2023/3/21,26.199,547408000
2023/3/22,26.468,797295000
2023/3/23,27.191,564889000
2023/3/24,26.779,454920000
2023/3/27,26.531,361026000
2023/3/28,26.41,356104000
2023/3/29,26.984,393694000
2023/3/30,27.383,364516000
2023/3/31,27.777,433933000
2023/4/3,27.965,398716000
2023/4/4,27.453,368592000
2023/4/5,26.881,515015000
2023/4/6,27.037,397654000
2023/4/7,27.037,397654000
2023/4/10,27.579,395279000
2023/4/11,27.169,314378000
2023/4/12,26.495,446259000
2023/4/13,26.463,353615000
2023/4/14,26.758,395660000
2023/4/17,27.002,321471000
2023/4/18,27.667,604812000
2023/4/19,27.931,358660000
2023/4/20,27.104,427713000
2023/4/21,27.119,345103000
2023/4/24,27.042,339282000
2023/4/25,26.241,378527000
2023/4/26,26.956,406337000
2023/4/27,27.226,377161000
2023/4/28,27.749,292216000
2023/5/1,28.91,570329000
2023/5/2,28.21,402730000
2023/5/3,27.802,383387000
2023/5/4,27.562,321850000
2023/5/5,28.68,361494000
2023/5/8,29.151,344979000
2023/5/9,28.571,314869000
2023/5/10,28.885,369350000
2023/5/11,28.578,322149000
2023/5/12,28.34,274222000
2023/5/15,28.953,293926000
2023/5/16,29.213,449405000
2023/5/17,30.178,432535000
2023/5/18,31.678,748725000
2023/5/19,31.264,473908000
2023/5/22,31.176,372000000
2023/5/23,30.688,356253000
2023/5/24,30.538,721419000
2023/5/25,37.98,1543911000
2023/5/26,38.946,714397000
2023/5/29,38.946,714397000
2023/5/30,40.111,923401000
2023/5/31,37.834,1002580000
2023/6/1,39.77,635873000
2023/6/2,39.327,482731000
2023/6/5,39.171,396094000
2023/6/6,38.654,388729000
2023/6/7,37.475,511998000
2023/6/8,38.51,417772000
2023/6/9,38.77,427717000
2023/6/12,39.482,388701000
2023/6/13,41.022,613208000
2023/6/14,42.997,740465000
2023/6/15,42.653,568622000
2023/6/16,42.692,655709000
2023/6/19,42.692,655709000
2023/6/20,43.808,451153000
2023/6/21,43.045,551603000
2023/6/22,43.025,417737000
2023/6/23,42.209,358140000
2023/6/26,40.632,594322000
2023/6/27,41.876,462175000
2023/6/28,41.117,582639000
2023/6/29,40.822,380514000
2023/6/30,42.302,501148000
2023/7/3,42.413,198209000
2023/7/4,42.413,198209000
2023/7/5,42.317,323618000
2023/7/6,42.103,303582000
2023/7/7,42.503,355881000
2023/7/10,42.18,353908000
2023/7/11,42.405,298244000
2023/7/12,43.902,481277000
2023/7/13,45.977,478204000
2023/7/14,45.469,772075000
2023/7/17,46.461,510488000
2023/7/18,47.494,569164000
2023/7/19,47.077,427502000
2023/7/20,45.52,537865000
2023/7/21,44.309,963769000
2023/7/24,44.612,382516000
2023/7/25,45.679,348081000
2023/7/26,45.452,364237000
2023/7/27,45.9,455976000
2023/7/28,46.75,331194000
2023/7/31,46.729,251055000
2023/8/1,46.507,237858000
2023/8/2,44.269,530142000
2023/8/3,44.515,324176000
2023/8/4,44.68,362666000
2023/8/7,45.417,322154000
2023/8/8,44.664,353843000
2023/8/9,42.554,586449000
2023/8/10,42.388,492705000
2023/8/11,40.855,533085000
2023/8/14,43.753,690286000
2023/8/15,43.94,676512000
2023/8/16,43.486,527451000
2023/8/17,43.344,452395000
2023/8/18,43.299,583768000
2023/8/21,46.967,692573000
2023/8/22,45.668,755293000
2023/8/23,47.116,779046000
2023/8/24,47.163,1156044000
2023/8/25,46.018,925341000
2023/8/28,46.835,685192000
2023/8/29,48.784,701397000
2023/8/30,49.264,735206000
2023/8/31,49.355,528570000
2023/9/1,48.509,463830000
2023/9/4,48.509,463830000
2023/9/5,48.548,382653000
2023/9/6,47.061,468670000
2023/9/7,46.241,433330000
2023/9/8,45.572,473069000
2023/9/11,45.178,473966000
2023/9/12,44.87,349256000
2023/9/13,45.485,398355000
2023/9/14,45.581,370097000
2023/9/15,43.9,506831000
2023/9/18,43.966,500271000
2023/9/19,43.52,373064000
2023/9/20,42.239,367108000
2023/9/21,41.017,450736000
2023/9/22,41.61,479236000
2023/9/25,42.222,419091000
2023/9/26,41.911,402282000
2023/9/27,42.468,444935000
2023/9/28,43.089,424663000
2023/9/29,43.499,397830000
2023/10/2,44.782,433298000
2023/10/3,43.517,470850000
2023/10/4,44.041,361821000
2023/10/5,44.688,393483000
2023/10/6,45.762,434436000
2023/10/9,45.273,409675000
2023/10/10,45.798,368582000
2023/10/11,46.806,378137000
2023/10/12,46.945,481325000
2023/10/13,45.461,474115000
2023/10/16,46.095,375099000
2023/10/17,43.938,812333000
2023/10/18,42.196,627294000
2023/10/19,42.101,501233000
2023/10/20,41.387,477266000
2023/10/23,42.975,478530000
2023/10/24,43.663,401463000
2023/10/25,41.779,398379000
2023/10/26,40.326,541001000
2023/10/27,40.5,416784000
2023/10/30,41.161,388028000
2023/10/31,40.78,517969000
2023/11/1,42.325,437593000
2023/11/2,43.506,409172000
2023/11/3,45.005,424610000
2023/11/6,45.751,400733000
2023/11/7,45.955,343165000
2023/11/8,46.574,346719000
2023/11/9,46.95,540496000
2023/11/10,48.335,421245000
2023/11/13,48.62,384136000
2023/11/14,49.656,416954000
2023/11/15,48.888,475497000
2023/11/16,49.48,339756000
2023/11/17,49.298,325205000
2023/11/20,50.409,414120000
2023/11/21,49.944,565747000
2023/11/22,48.716,899420000
2023/11/23,48.716,899420000
2023/11/24,47.776,294645000
2023/11/27,48.242,395662000
2023/11/28,47.821,401491000
2023/11/29,48.14,382005000
2023/11/30,46.77,526247000
2023/12/1,46.765,369317000
2023/12/4,45.51,437543000
2023/12/5,46.566,371718000
2023/12/6,45.503,380590000
2023/12/7,46.596,350823000
2023/12/8,47.506,359224000
2023/12/11,46.627,509728000
2023/12/12,47.657,372387000
2023/12/13,48.088,447792000
2023/12/14,48.35,391232000
2023/12/15,48.89,479948000
2023/12/18,50.077,412587000
2023/12/19,49.604,464444000
2023/12/20,48.111,397894000
2023/12/21,48.99,300425000
2023/12/22,48.83,252507000
2023/12/25,48.83,252507000
2023/12/26,49.279,244200000
2023/12/27,49.417,233648000
2023/12/28,49.522,246587000
2023/12/29,49.522,389293000
2024/1/1,49.522,389293000
2024/1/2,48.168,411254000
2024/1/3,47.569,320896000
2024/1/4,47.998,306535000
2024/1/5,49.097,415039000
2024/1/8,52.253,642510000
2024/1/9,53.14,773100000
2024/1/10,54.35,533796000
2024/1/11,54.822,596759000
2024/1/12,54.71,352994000
2024/1/15,54.71,352994000
2024/1/16,56.382,449580000
2024/1/17,56.053,474394000
2024/1/18,57.107,491650000
2024/1/19,59.491,543501000
2024/1/22,59.654,452955000
2024/1/23,59.873,294654000
2024/1/24,61.362,560271000
2024/1/25,61.617,482777000
2024/1/26,61.031,390309000
2024/1/29,62.465,348733000
2024/1/30,62.774,410735000
2024/1/31,61.527,453795000
2024/2/1,63.027,369146000
2024/2/2,66.16,476578000
2024/2/5,69.332,680078000
2024/2/6,68.223,683111000
2024/2/7,70.099,495575000
2024/2/8,69.641,414422000
2024/2/9,72.133,436637000
2024/2/12,72.248,613710000
2024/2/13,72.128,602580000
2024/2/14,73.9,504917000
2024/2/15,72.658,420122000
2024/2/16,72.613,495327000
2024/2/19,72.613,495327000
2024/2/20,69.452,704833000
2024/2/21,67.472,673755000
2024/2/22,78.538,865100000
2024/2/23,78.817,829388000
2024/2/26,79.092,503973000
2024/2/27,78.701,391705000
2024/2/28,77.663,393110000
2024/2/29,79.112,507289000
2024/3/1,82.279,479135000
2024/3/4,85.237,615616000
2024/3/5,85.964,520639000
2024/3/6,88.7,582520000
2024/3/7,92.669,608119000
2024/3/8,87.528,1142269000
2024/3/11,85.774,678364000
2024/3/12,91.913,668075000
2024/3/13,90.888,635713000
2024/3/14,87.944,602318000
2024/3/15,87.837,642086000
2024/3/18,88.455,668976000
2024/3/19,89.398,672171000
2024/3/20,90.372,479063000
2024/3/21,91.435,480372000
2024/3/22,94.289,586719000
2024/3/25,95.002,552136000
2024/3/26,92.561,513648000
2024/3/27,90.25,586067000
2024/3/28,90.356,435212000
2024/3/29,90.356,435212000
2024/4/1,90.363,452441000
2024/4/2,89.452,433064000
2024/4/3,88.964,370067000
2024/4/4,85.905,434965000
2024/4/5,88.008,399678000
2024/4/8,87.133,283220000
2024/4/9,85.354,501700000
2024/4/10,87.039,431929000
2024/4/11,90.616,431637000
2024/4/12,88.186,426805000
2024/4/15,86.001,443077000
2024/4/16,87.415,370453000
2024/4/17,84.035,495400000
2024/4/18,84.671,447260000
2024/4/19,76.2,875198000
2024/4/22,79.518,596341000
2024/4/23,82.423,438559000
2024/4/24,79.677,512208000
2024/4/25,82.632,424641000
2024/4/26,87.735,551011000
2024/4/29,87.757,388971000
2024/4/30,86.402,363709000
2024/5/1,83.041,559863000
2024/5/2,85.817,377898000
2024/5/3,88.789,398341000
2024/5/6,92.14,376203000
2024/5/7,90.554,437342000
2024/5/8,90.412,325721000
2024/5/9,88.747,378013000
2024/5/10,89.878,335325000
2024/5/13,90.399,289680000
2024/5/14,91.356,296507000
2024/5/15,94.63,417735000
2024/5/16,94.359,323952000
2024/5/17,92.479,359691000
2024/5/20,94.78,318764000
2024/5/21,95.386,328946000
2024/5/22,94.95,548648000
2024/5/23,103.799,835065000
2024/5/24,106.469,429494000
2024/5/27,106.469,429494000
2024/5/28,113.901,652728000
2024/5/29,114.825,557442000
2024/5/30,110.5,484553000
2024/5/31,109.633,613263000
2024/6/3,115.0,438392000
2024/6/4,116.437,403324000
2024/6/5,122.44,528402000
2024/6/6,120.998,664696000
2024/6/7,120.888,412386000
2024/6/10,121.79,313434100
2024/6/11,120.91,222551200
2024/6/12,125.2,299595000
2024/6/13,129.61,260704500
2024/6/14,131.88,309320400
2024/6/17,130.98,288504400
2024/6/18,135.58,294335100
2024/6/19,135.58,294335100
2024/6/20,130.78,517768400
2024/6/21,126.57,649445800
2024/6/24,118.11,476060900
2024/6/25,126.09,414192600
2024/6/26,126.4,362975900
2024/6/27,123.99,252571700
2024/6/28,123.54,315516700
2024/7/1,124.3,284885500
2024/7/2,122.67,218374000
2024/7/3,128.28,215749000
2024/7/4,128.28,215749000
2024/7/5,125.83,214176700
2024/7/8,128.2,237677300
2024/7/9,131.38,285366600
2024/7/10,134.91,248978600
2024/7/11,127.4,374782700
2024/7/12,129.24,252680500
2024/7/15,128.44,208326200
2024/7/16,126.36,214769500
2024/7/17,117.99,390086200
2024/7/18,121.09,320979500
2024/7/19,117.93,217223800
2024/7/22,123.54,258068900
2024/7/23,122.59,173911000
2024/7/24,114.25,327776900
2024/7/25,112.28,460067000
2024/7/26,113.06,293399100
2024/7/29,111.59,248152100
2024/7/30,103.73,486833300
2024/7/31,117.02,473174200
2024/8/1,109.21,523462300
2024/8/2,107.27,482027500
2024/8/5,100.45,552842400
2024/8/6,104.25,409012100
2024/8/7,98.91,411440400
2024/8/8,104.97,391910000
2024/8/9,104.75,290844200
2024/8/12,109.02,325559900
2024/8/13,116.14,312646700
2024/8/14,118.08,339246400
2024/8/15,122.86,318086700
2024/8/16,124.58,302589900
2024/8/19,130.0,318333600
2024/8/20,127.25,300087400
2024/8/21,128.5,257883600
2024/8/22,123.74,376189100
2024/8/23,129.37,323230300
2024/8/26,126.46,331964700
2024/8/27,128.3,303134600
2024/8/28,125.61,448101100
2024/8/29,117.59,453023300
2024/8/30,119.37,333751600
2024/9/2,119.37,333751600
2024/9/3,108.0,477155100
2024/9/4,106.21,372470300
2024/9/5,107.21,306850700
2024/9/6,102.83,413638100
2024/9/9,106.47,273912000
2024/9/10,108.1,268283700
2024/9/11,116.91,441422400
2024/9/12,119.14,366052700
2024/9/13,119.1,238358300
2024/9/16,116.78,248772300
2024/9/17,115.59,231925900
2024/9/18,113.37,310318900
2024/9/19,117.87,293506400
2024/9/20,116.0,382462400
2024/9/23,116.26,206228500
2024/9/24,120.87,354966800
2024/9/25,123.51,284692900
2024/9/26,124.04,302582900
2024/9/27,121.4,271009200
2024/9/30,121.44,226553700
2024/10/1,117.0,302094500
2024/10/2,118.85,221845900
2024/10/3,122.85,277118000
2024/10/4,124.92,243678100
2024/10/7,127.72,346250200
2024/10/8,132.89,285722500
2024/10/9,132.65,246191600
2024/10/10,134.81,242311300
2024/10/11,134.8,170209500
2024/10/14,138.07,232347700
2024/10/15,131.6,377831000
2024/10/16,135.72,264879700
2024/10/17,136.93,306435900
2024/10/18,138.0,176090200
2024/10/21,143.71,264554500
2024/10/22,143.59,226311600
2024/10/23,139.56,285930000
2024/10/24,140.41,172354900
2024/10/25,141.54,205122100
2024/10/28,140.52,173586700
2024/10/29,141.25,157593600
2024/10/30,139.34,179418100
2024/10/31,132.76,270039600
2024/11/1,135.4,207127800
2024/11/4,136.05,187528200
2024/11/5,139.91,160537400
2024/11/6,145.61,242043900
2024/11/7,148.88,207323300
2024/11/8,147.63,175665800
2024/11/11,145.26,182325600
2024/11/12,148.29,198634700
2024/11/13,146.27,191903300
2024/11/14,146.76,194463300
2024/11/15,141.98,250132900
2024/11/18,140.15,221205300
2024/11/19,147.01,227834900
2024/11/20,145.89,309871700
2024/11/21,146.67,400946600
2024/11/22,141.95,236406200
2024/11/25,136.02,344941900
2024/11/26,136.92,190287700
2024/11/27,135.34,226370900
2024/11/28,135.34,226370900
2024/11/29,138.25,141863200
2024/12/2,138.63,171682800
2024/12/3,140.26,164414000
2024/12/4,145.14,231224300
2024/12/5,145.06,172621200
2024/12/6,142.44,188505600
2024/12/9,138.81,189308600
2024/12/10,135.07,210020900
2024/12/11,139.31,184905200
2024/12/12,137.34,159211400
2024/12/13,134.25,231514900
2024/12/16,132.0,237951100
2024/12/17,130.39,259410300
2024/12/18,128.91,277444500
2024/12/19,130.68,209719200
2024/12/20,134.7,306528600
2024/12/23,139.67,176053500
2024/12/24,140.22,105157000
2024/12/25,140.22,105157000
2024/12/26,139.93,116205600
2024/12/27,137.01,170582600
2024/12/30,137.49,167734700
2024/12/31,134.29,155659200
2025/1/1,134.29,155659200
2025/1/2,138.31,198247200
2025/1/3,144.47,229322500
2025/1/6,149.43,265377400
2025/1/7,140.14,351782200
2025/1/8,140.11,227349900
2025/1/9,140.11,227349900
2025/1/10,135.91,207602500
2025/1/13,133.23,204808900
2025/1/14,131.76,195590500
2025/1/15,136.24,185217300
2025/1/16,133.57,209235600
2025/1/17,137.71,201188800
2025/1/20,137.71,201188800
2025/1/21,140.83,197749000
2025/1/22,147.07,237651400
2025/1/23,147.22,155915500
2025/1/24,142.62,234657600
2025/1/27,118.42,818830900
2025/1/28,128.99,579666400
2025/1/29,123.7,467120600
2025/1/30,124.65,392925500
2025/1/31,120.07,388161100
2025/2/3,116.66,371235700
2025/2/4,118.65,256550000
2025/2/5,124.83,262230800
2025/2/6,128.68,251483600
2025/2/7,129.84,228186300
2025/2/10,133.57,216989100
2025/2/11,132.8,178902400
2025/2/12,131.14,160278600
2025/2/13,135.29,197430000
2025/2/14,138.85,195479600
2025/2/17,138.85,195479600
2025/2/18,139.4,219176600
2025/2/19,139.23,167536000
2025/2/20,140.11,143903600
2025/2/21,134.43,228217600
2025/2/24,130.28,251381100
2025/2/25,126.63,271428700
2025/2/26,131.28,322553800
2025/2/27,120.15,443175800
2025/2/28,124.92,389091100
2025/3/3,114.06,411381400
2025/3/4,115.99,398163300
2025/3/5,117.3,284337900
2025/3/6,110.57,321181900
2025/3/7,112.69,341755500
2025/3/10,106.98,366487400
2025/3/11,108.76,354865700
2025/3/12,115.74,323857500
2025/3/13,115.58,299033100
2025/3/14,121.67,277593500
2025/3/17,119.53,255501500
2025/3/18,115.43,299686900
2025/3/19,117.52,273426200
2025/3/20,118.53,248829700
2025/3/21,117.7,266498500
2025/3/24,121.41,228452500
2025/3/25,120.69,167447200
2025/3/26,113.76,293463300
2025/3/27,111.43,236902100
2025/3/28,109.67,229872500
2025/3/31,108.38,299212700
2025/4/1,110.15,222614000
2025/4/2,110.42,220601200
2025/4/3,101.8,338769400
2025/4/4,94.31,532273800
2025/4/7,97.64,611041300
2025/4/8,96.3,476243400
2025/4/9,114.33,612918300
2025/4/10,107.57,437812400
2025/4/11,110.93,313417300
2025/4/14,110.71,264705000
2025/4/15,112.2,228966900
2025/4/16,104.49,397016900
2025/4/17,101.49,292517500
2025/4/18,101.49,292517500
2025/4/21,96.91,288501100
2025/4/22,98.89,241004800
2025/4/23,102.71,247526000
2025/4/24,106.43,220815000
2025/4/25,111.01,251064700
2025/4/28,108.73,207708500
2025/4/29,109.02,170444300
2025/4/30,108.92,235044600
2025/5/1,111.61,236121500
2025/5/2,114.5,190194800
2025/5/5,113.82,133163200
2025/5/6,113.54,158525600
2025/5/7,117.06,206758800
2025/5/8,117.37,198428100
2025/5/9,116.65,132972200
2025/5/12,123.0,225023300
2025/5/13,129.93,330430100
2025/5/14,135.34,281180800
2025/5/15,134.83,226632600
2025/5/16,135.4,226542500
2025/5/19,135.57,193154600
2025/5/20,134.38,161514200
2025/5/21,131.8,270608700
2025/5/22,132.83,187344000
2025/5/23,131.29,198821300
2025/5/26,131.29,198821300
2025/5/27,135.5,192953600
2025/5/28,134.81,304021100
2025/5/29,139.19,369241900
2025/5/30,135.13,333170900
2025/6/2,137.38,197663100
2025/6/3,141.22,225578800
2025/6/4,141.92,167120800
2025/6/5,139.99,231397900
2025/6/6,141.72,153986200
2025/6/9,142.63,185114500
2025/6/10,143.96,155881900
2025/6/11,142.83,167694000
2025/6/12,145.0,162365000
2025/6/13,141.97,180820600
2025/6/16,144.69,183133700
2025/6/17,144.12,139108000
2025/6/18,145.48,161494100
2025/6/19,145.48,161494100
2025/6/20,143.85,242956200
2025/6/23,144.17,154308900
2025/6/24,147.9,187566100
2025/6/25,154.31,269146500
2025/6/26,155.02,198145700
2025/6/27,157.75,263234500
2025/6/30,157.99,194580300
2025/7/1,153.3,213143600
2025/7/2,157.25,171224100
2025/7/3,159.34,143716100
2025/7/4,159.34,143716100
2025/7/7,158.24,140139000
2025/7/8,160.0,138133000
2025/7/9,162.88,183656400
2025/7/10,164.1,167704100
2025/7/11,164.92,193633300
2025/7/14,164.07,136975800
2025/7/15,170.7,230627400
2025/7/16,171.37,158831500
2025/7/17,173.0,160841100
2025/7/18,172.41,146456400
2025/7/21,171.38,123126100
2025/7/22,167.03,193114300
2025/7/23,170.78,154082200
2025/7/24,173.74,128984600
2025/7/25,173.5,122316800
2025/7/28,176.75,140023500
2025/7/29,175.51,154077500
2025/7/30,179.27,174312200
2025/7/31,177.87,221685400
2025/8/1,173.72,204529000
2025/8/4,180.0,148174600
2025/8/5,178.26,156407600
2025/8/6,179.42,137192300
2025/8/7,180.77,151878400
2025/8/8,182.7,123396700
2025/8/11,182.06,138323200
2025/8/12,183.16,145485700
2025/8/13,181.59,179871700
2025/8/14,182.02,129554000
2025/8/15,180.45,156602200
2025/8/18,182.01,132008000
2025/8/19,175.64,185229200
2025/8/20,175.4,215142700
2025/8/21,174.98,140040900
2025/8/22,177.99,172789400
2025/8/25,179.81,163012800
2025/8/26,181.77,168688200
2025/8/27,181.6,235518900
2025/8/28,180.17,281787800
2025/8/29,174.18,243257900
2025/9/1,174.18,243257900
2025/9/2,170.78,231164900
2025/9/3,170.62,164424900
2025/9/4,171.66,141670100
2025/9/5,167.02,224441400
2025/9/8,168.31,163769100
2025/9/9,170.76,157548400
2025/9/10,177.33,226852000
2025/9/11,177.17,151159300
2025/9/12,177.82,124911000
2025/9/15,177.75,147061600
2025/9/16,174.88,140737800
2025/9/17,170.29,211843800
2025/9/18,176.24,191763300
2025/9/19,176.67,237182100
2025/9/22,183.61,269637000
2025/9/23,178.43,192559600
2025/9/24,176.97,143564100
2025/9/25,177.69,191586700
2025/9/26,178.19,148573700
2025/9/29,181.85,193063500
2025/9/30,186.58,236981000
2025/10/1,187.24,173844900
2025/10/2,188.89,136805800
2025/10/3,187.62,137596900
2025/10/6,185.54,157678100
2025/10/7,185.04,140088000
2025/10/8,189.11,130168900
2025/10/9,192.57,182997200
2025/10/10,183.16,268774400
2025/10/13,188.32,153482800
2025/10/14,180.03,205641400
2025/10/15,179.83,214450500
2025/10/16,181.81,179723300
2025/10/17,183.22,173135200
2025/10/20,182.64,128544700
2025/10/21,181.16,124240200
2025/10/22,180.28,162249600
2025/10/23,182.16,111363700
2025/10/24,186.26,131296700
2025/10/27,191.49,153452700
2025/10/28,201.03,297986200
2025/10/29,207.04,308829600
2025/10/30,202.89,178864400
2025/10/31,202.49,179802200
2025/11/3,206.88,180267300
2025/11/4,198.69,188919300
2025/11/5,195.21,171350300
2025/11/6,188.08,223029800
2025/11/7,188.15,264942300
2025/11/10,199.05,198897100
2025/11/11,193.16,176483300
2025/11/12,193.8,154935300
2025/11/13,186.86,207423100
2025/11/14,190.17,186591900
2025/11/17,186.6,173628900
2025/11/18,181.36,213598900
2025/11/19,186.52,247246400
2025/11/20,180.64,343504800
2025/11/21,178.88,346926200
2025/11/24,182.55,256618300
2025/11/25,177.82,320600300
2025/11/26,180.26,183852000
2025/11/27,180.26,183852000
2025/11/28,177.0,121332800
2025/12/1,179.92,188131000
2025/12/2,181.46,182632200
2025/12/3,179.59,165138000
2025/12/4,183.38,167364900
2025/12/5,182.41,143971100
2025/12/8,185.55,204378100
2025/12/9,184.97,144719700
2025/12/10,183.78,162785400
2025/12/11,180.93,182136600
2025/12/12,175.02,204274900
2025/12/15,176.29,164775600
2025/12/16,177.72,148588100
2025/12/17,170.94,222775500
2025/12/18,174.14,176096000
2025/12/19,180.99,324925900
2025/12/22,183.69,129064400
2025/12/23,189.21,174873600
2025/12/24,188.61,65528500
2025/12/25,188.61,65528500
2025/12/26,190.53,139740300
2025/12/29,188.22,120006100
2025/12/30,187.54,97687300
2025/12/31,186.5,120100500
2026/1/1,186.5,120100500
2026/1/2,188.85,148240500
2026/1/5,188.12,183529700
2026/1/6,187.24,176862600
2026/1/7,189.11,153543200
2026/1/8,185.04,172457000
2026/1/9,184.86,131327500
2026/1/12,184.94,137968500
2026/1/13,185.81,160128900
2026/1/14,183.14,159586100
2026/1/15,187.05,206188600
2026/1/16,186.23,187967200
2026/1/19,186.23,187967200
2026/1/20,178.07,223345300
2026/1/21,183.32,200381000
2026/1/22,184.84,139636600
2026/1/23,187.67,142748100
2026/1/26,186.47,124799600
2026/1/27,188.52,143711600
2026/1/28,191.52,148552700
2026/1/29,192.51,171172000
2026/1/30,192.51,171172000
